device_type,iteration,particle,candidate,warmup_alpha,stable_alpha,drift_alpha,anchor_strength,confirmation_windows,stable_batch_size,threshold_ceiling,objective,feasible,stable_fpr,controlled_drift_fpr,worst_client_stable_fpr,worst_client_controlled_drift_fpr,detection_rate,worst_group_detection,mean_group_shortfall,maximum_group_shortfall
sensor,0,0,conservative,0.25,1e-05,0.05,0.25,32,64,1.3,1000006.4874608374,False,0.0,0.015873015873015872,0.0,0.1111111111111111,0.8786407766990292,0.0,0.003913571808308648,0.06142857142857142
sensor,1,1,pso,0.40664266969216145,0.00015293952761249947,0.15858729212557623,0.4335524159826501,13,125,1.456683821194212,1000006.3624608374,False,0.0,0.001984126984126984,0.0,0.013888888888888888,0.8786407766990292,0.0,0.003913571808308648,0.06142857142857142
sensor,1,2,pso,0.42019740191217575,2.2170467537186737e-05,0.04261990937617626,0.2539389133279197,60,88,1.493656967962498,1000006.6144449643,False,0.0,0.06547619047619048,0.0,0.1388888888888889,0.8786407766990292,0.0,0.003913571808308648,0.06142857142857142
sensor,1,3,pso,0.16613669539581366,4.104974786241303e-05,0.05960411747040778,0.08509949085729643,54,87,1.4548526440512244,1000006.5053179802,False,0.0,0.017857142857142856,0.0,0.125,0.8786407766990292,0.0,0.003913571808308648,0.06142857142857142
sensor,1,4,pso,0.13059450288428093,0.00416758869324571,0.17722694370035508,0.478110923390569,19,68,1.0262822594723373,1000006.7493655992,False,0.0,0.0496031746031746,0.0,0.3055555555555556,0.8786407766990292,0.0,0.003913571808308648,0.06142857142857142
sensor,1,5,pso,0.07593264485686795,0.0006974749851257468,0.10993419856319614,0.5821303528388155,26,57,1.2817334867654848,1000007.3168259168,False,0.01984126984126984,0.08531746031746032,0.125,0.4722222222222222,0.8786407766990292,0.0,0.003913571808308648,0.06142857142857142
sensor,1,6,pso,0.08352290933332598,2.2420962165238707e-05,0.046238841953551935,0.17480014197798627,46,65,1.4996069176347024,1000007.0529370278,False,0.0,0.08333333333333333,0.0,0.5416666666666666,0.8786407766990292,0.0,0.003913571808308648,0.06142857142857142
sensor,1,7,pso,0.3330777864784426,6.96735911046296e-05,0.14569655197941794,0.492620396623241,30,48,1.4094973023849853,1000006.5053179802,False,0.0,0.017857142857142856,0.0,0.125,0.8786407766990292,0.0,0.003913571808308648,0.06142857142857142
sensor,1,8,pso,0.07300148232549071,3.463747633732309e-05,0.010239812666037223,0.48280840762617605,45,95,1.4684374186131808,1000007.7612703613,False,0.015873015873015872,0.1488095238095238,0.09722222222222222,0.8611111111111112,0.8786407766990292,0.0,0.003913571808308648,0.06142857142857142
sensor,2,1,pso,0.40035782048188573,0.00016236559339157842,0.13482563591541877,0.40387123164492006,15,125,1.4621636541386318,1000006.3664290913,False,0.0,0.003968253968253968,0.0,0.013888888888888888,0.8786407766990292,0.0,0.003913571808308648,0.06142857142857142
sensor,2,2,pso,0.463582295501215,8.791887165802012e-05,0.24999999999999994,0.4987337802497762,8,128,1.4387909280492446,1000006.3446036945,False,0.0,0.0,0.0,0.0,0.8786407766990292,0.0,0.003913571808308648,0.06142857142857142
sensor,2,3,pso,0.2992460208304839,7.070333618051004e-05,0.2170651713923146,0.4104495351583418,28,89,1.43956577580401,1000006.4874608374,False,0.0,0.015873015873015872,0.0,0.1111111111111111,0.8786407766990292,0.0,0.003913571808308648,0.06142857142857142
sensor,2,4,pso,0.2171640112451828,4.211447770929874e-05,0.19348511861300643,0.48255820063467075,11,86,1.1140440244420782,1000006.402143377,False,0.0,0.007936507936507936,0.0,0.041666666666666664,0.8786407766990292,0.0,0.003913571808308648,0.06142857142857142
sensor,2,5,pso,0.28646594842905126,6.6697506868755e-05,0.13537570541673327,0.5100340229524869,8,128,1.3839349603758968,1000006.398175123,False,0.0,0.005952380952380952,0.0,0.041666666666666664,0.8786407766990292,0.0,0.003913571808308648,0.06142857142857142
sensor,2,6,pso,0.12662066975100758,2.227104351422368e-05,0.06700549911991321,0.21068052076727328,14,74,1.4323696381287658,1000006.4596830596,False,0.0,0.015873015873015872,0.0,0.08333333333333333,0.8786407766990292,0.0,0.003913571808308648,0.06142857142857142
sensor,2,7,pso,0.35473499521423174,0.00020664916597419244,0.17965801527316722,0.4367508280089314,10,128,1.4421886169065432,1000006.398175123,False,0.0,0.005952380952380952,0.0,0.041666666666666664,0.8786407766990292,0.0,0.003913571808308648,0.06142857142857142
sensor,2,8,pso,0.10901888018081304,0.0002616929920455562,0.04735654695833551,0.42949522234075743,25,124,1.426587924684679,1000006.8247624247,False,0.0,0.05952380952380952,0.0,0.3611111111111111,0.8786407766990292,0.0,0.003913571808308648,0.06142857142857142
sensor,3,1,pso,0.40250591856564705,0.00013186033072209763,0.15075961266688762,0.4432991173166287,9,127,1.4631191762978673,1000006.3624608374,False,0.0,0.001984126984126984,0.0,0.013888888888888888,0.8786407766990292,0.0,0.003913571808308648,0.06142857142857142
sensor,3,2,pso,0.49659035105714716,0.00023062011457970817,0.24999999999999994,0.6,8,128,1.4003847001099672,1000006.4517465517,False,0.0,0.011904761904761904,0.0,0.08333333333333333,0.8786407766990292,0.0,0.003913571808308648,0.06142857142857142
sensor,3,3,pso,0.7500000000000001,0.00013895497916876275,0.24999999999999994,0.6,8,128,1.4279595626664872,1000006.3664290913,False,0.0,0.003968253968253968,0.0,0.013888888888888888,0.8786407766990292,0.0,0.003913571808308648,0.06142857142857142
sensor,3,4,pso,0.36129492212386755,1e-05,0.24999999999999994,0.5064788844449687,8,123,1.4870215479135798,1000006.3803179802,False,0.0,0.003968253968253968,0.0,0.027777777777777776,0.8786407766990292,0.0,0.003913571808308648,0.06142857142857142
sensor,3,5,pso,0.7500000000000001,1.3666862496638655e-05,0.243100311301299,0.45250016546410393,8,128,1.4856242104783264,1000006.4973814723,False,0.0,0.027777777777777776,0.0,0.09722222222222222,0.8786407766990292,0.0,0.003913571808308648,0.06142857142857142
sensor,3,6,pso,0.3205306574804695,4.8432432407508874e-05,0.24999999999999994,0.36407114016567393,8,128,1.3899356404034549,1000006.3803179802,False,0.0,0.003968253968253968,0.0,0.027777777777777776,0.8786407766990292,0.0,0.003913571808308648,0.06142857142857142
sensor,3,7,pso,0.42296017905082717,0.00022266825244506236,0.24999999999999994,0.4583160649232898,8,128,1.4618468513068081,1000006.3446036945,False,0.0,0.0,0.0,0.0,0.8786407766990292,0.0,0.003913571808308648,0.06142857142857142
sensor,3,8,pso,0.269856902916877,0.0003238730734663989,0.22925342245351563,0.46433622335688063,8,128,1.4085391959961588,1000006.3803179802,False,0.0,0.003968253968253968,0.0,0.027777777777777776,0.8786407766990292,0.0,0.003913571808308648,0.06142857142857142
sensor,4,1,pso,0.45832225798996284,8.826652902148639e-05,0.16560882512385666,0.4949925930279226,8,127,1.4393235733524357,1000006.3446036945,False,0.0,0.0,0.0,0.0,0.8786407766990292,0.0,0.003913571808308648,0.06142857142857142
sensor,4,2,pso,0.4682612762852895,9.434697044995203e-05,0.24999999999999994,0.45757056792001144,8,128,1.4296261970798012,1000006.3664290913,False,0.0,0.003968253968253968,0.0,0.013888888888888888,0.8786407766990292,0.0,0.003913571808308648,0.06142857142857142
sensor,4,3,pso,0.7500000000000001,0.00012552364189090417,0.24999999999999994,0.6,8,128,1.4213046083093923,1000006.3664290913,False,0.0,0.003968253968253968,0.0,0.013888888888888888,0.8786407766990292,0.0,0.003913571808308648,0.06142857142857142
sensor,4,4,pso,0.7215885269503959,1e-05,0.24999999999999994,0.5215617841241411,8,128,1.6,1000006.4100798849,False,0.0,0.011904761904761904,0.0,0.041666666666666664,0.8786407766990292,0.0,0.003913571808308648,0.06142857142857142
sensor,4,5,pso,0.3962442878510712,1.3486288320007742e-05,0.18559022064589026,0.47373676228858047,8,128,1.423736384794067,1000006.4160322659,False,0.0,0.007936507936507936,0.0,0.05555555555555555,0.8786407766990292,0.0,0.003913571808308648,0.06142857142857142
sensor,4,6,pso,0.7500000000000001,8.780985078312655e-05,0.24999999999999994,0.6,8,128,1.4216414889315732,1000006.3664290913,False,0.0,0.003968253968253968,0.0,0.013888888888888888,0.8786407766990292,0.0,0.003913571808308648,0.06142857142857142
sensor,4,7,pso,0.48103311450037944,0.00017709400787224323,0.24999999999999994,0.5039997156658563,8,128,1.4461721954096385,1000006.3446036945,False,0.0,0.0,0.0,0.0,0.8786407766990292,0.0,0.003913571808308648,0.06142857142857142
sensor,4,8,pso,0.5772804160454584,8.93648816438753e-05,0.24999999999999994,0.5026950833972219,8,128,1.423655465874389,1000006.402143377,False,0.0,0.007936507936507936,0.0,0.041666666666666664,0.8786407766990292,0.0,0.003913571808308648,0.06142857142857142
sensor,5,1,pso,0.5064279482155412,6.63310652582599e-05,0.21478539209401937,0.5358772323165447,8,127,1.422609078341273,1000006.3446036945,False,0.0,0.0,0.0,0.0,0.8786407766990292,0.0,0.003913571808308648,0.06142857142857142
sensor,5,2,pso,0.44250901314995117,4.5227695420731016e-05,0.24999999999999994,0.4269137000088476,8,128,1.4623002309185442,1000006.3664290913,False,0.0,0.003968253968253968,0.0,0.013888888888888888,0.8786407766990292,0.0,0.003913571808308648,0.06142857142857142
sensor,5,3,pso,0.7500000000000001,7.868680307018922e-05,0.24999999999999994,0.6,8,128,1.421266871177431,1000006.3664290913,False,0.0,0.003968253968253968,0.0,0.013888888888888888,0.8786407766990292,0.0,0.003913571808308648,0.06142857142857142
sensor,5,4,pso,0.5423982284910609,6.72210990126496e-05,0.24999999999999994,0.5029841747412145,8,128,1.5144278680195131,1000006.3664290913,False,0.0,0.003968253968253968,0.0,0.013888888888888888,0.8786407766990292,0.0,0.003913571808308648,0.06142857142857142
sensor,5,5,pso,0.2255373485193063,0.0003505850440977843,0.11432621705046765,0.5188625183226279,8,128,1.3490382449720704,1000006.4200005198,False,0.0,0.00992063492063492,0.0,0.05555555555555555,0.8786407766990292,0.0,0.003913571808308648,0.06142857142857142
sensor,5,6,pso,0.7500000000000001,0.00013342205514448038,0.24999999999999994,0.6,8,128,1.455366324182659,1000006.3664290913,False,0.0,0.003968253968253968,0.0,0.013888888888888888,0.8786407766990292,0.0,0.003913571808308648,0.06142857142857142
sensor,5,7,pso,0.44978053212167424,0.0001732729197545602,0.24999999999999994,0.510883167363877,8,128,1.4433402319283484,1000006.3624608374,False,0.0,0.001984126984126984,0.0,0.013888888888888888,0.8786407766990292,0.0,0.003913571808308648,0.06142857142857142
sensor,5,8,pso,0.3571363793668465,7.273953121459253e-05,0.24999999999999994,0.48542209651571794,8,128,1.4340165356202896,1000006.3803179802,False,0.0,0.003968253968253968,0.0,0.027777777777777776,0.8786407766990292,0.0,0.003913571808308648,0.06142857142857142
sensor,6,1,pso,0.48551477723280706,6.97928021396407e-05,0.1907269682579575,0.5231137365832568,8,128,1.4539580342479685,1000006.3446036945,False,0.0,0.0,0.0,0.0,0.8786407766990292,0.0,0.003913571808308648,0.06142857142857142
sensor,6,2,pso,0.44114252142766247,0.00010329507993132949,0.24999999999999994,0.5274193237622626,8,128,1.4297834067369144,1000006.398175123,False,0.0,0.005952380952380952,0.0,0.041666666666666664,0.8786407766990292,0.0,0.003913571808308648,0.06142857142857142
sensor,6,3,pso,0.48117741639311745,0.00010008705175912417,0.24999999999999994,0.5439866907567609,8,128,1.4439992385684364,1000006.3624608374,False,0.0,0.001984126984126984,0.0,0.013888888888888888,0.8786407766990292,0.0,0.003913571808308648,0.06142857142857142
sensor,6,4,pso,0.37547513128885995,0.00034838223826858173,0.24999999999999994,0.4852655350125527,8,128,1.4279180939909029,1000006.3803179802,False,0.0,0.003968253968253968,0.0,0.027777777777777776,0.8786407766990292,0.0,0.003913571808308648,0.06142857142857142
sensor,6,5,pso,0.3188901323763651,0.0005434521101680436,0.10357604646964423,0.5289767942147966,8,128,1.3511665300835871,1000006.398175123,False,0.0,0.005952380952380952,0.0,0.041666666666666664,0.8786407766990292,0.0,0.003913571808308648,0.06142857142857142
sensor,6,6,pso,0.44596802127701757,7.55652133895906e-05,0.24999999999999994,0.5256886556369863,8,128,1.4330222630778326,1000006.398175123,False,0.0,0.005952380952380952,0.0,0.041666666666666664,0.8786407766990292,0.0,0.003913571808308648,0.06142857142857142
sensor,6,7,pso,0.4055288359050334,0.00014942327613173126,0.24999999999999994,0.43788326814095824,8,128,1.4593563100609273,1000006.3446036945,False,0.0,0.0,0.0,0.0,0.8786407766990292,0.0,0.003913571808308648,0.06142857142857142
sensor,6,8,pso,0.28084298846662675,0.0002735286436125298,0.24999999999999994,0.4485745248516615,8,128,1.4173451501431074,1000006.3803179802,False,0.0,0.003968253968253968,0.0,0.027777777777777776,0.8786407766990292,0.0,0.003913571808308648,0.06142857142857142
sensor,7,1,pso,0.4190060155400408,0.00011069270058720572,0.17564889225288893,0.49576486667699693,8,128,1.4715756602122596,1000006.398175123,False,0.0,0.005952380952380952,0.0,0.041666666666666664,0.8786407766990292,0.0,0.003913571808308648,0.06142857142857142
sensor,7,2,pso,0.4764476677905324,0.00017233108357722241,0.24999999999999994,0.5800544343144225,8,128,1.4131741654495111,1000006.4517465517,False,0.0,0.011904761904761904,0.0,0.08333333333333333,0.8786407766990292,0.0,0.003913571808308648,0.06142857142857142
sensor,7,3,pso,0.3360770053825748,0.00011841506810849872,0.24999999999999994,0.4715502885463033,8,128,1.4538136323176467,1000006.3803179802,False,0.0,0.003968253968253968,0.0,0.027777777777777776,0.8786407766990292,0.0,0.003913571808308648,0.06142857142857142
sensor,7,4,pso,0.4531395771191325,6.82904377653217e-05,0.24999999999999994,0.4974905114628845,8,128,1.409933256973589,1000006.3446036945,False,0.0,0.0,0.0,0.0,0.8786407766990292,0.0,0.003913571808308648,0.06142857142857142
sensor,7,5,pso,0.4706372878286415,2.107153491681853e-05,0.10970616035824969,0.49031128938085616,8,128,1.3978106477502448,1000006.3624608374,False,0.0,0.001984126984126984,0.0,0.013888888888888888,0.8786407766990292,0.0,0.003913571808308648,0.06142857142857142
sensor,7,6,pso,0.575694812072592,6.902542655265718e-05,0.24999999999999994,0.5769328578427106,8,128,1.407339926186941,1000006.3446036945,False,0.0,0.0,0.0,0.0,0.8786407766990292,0.0,0.003913571808308648,0.06142857142857142
sensor,7,7,pso,0.41609282337117015,9.568747555341747e-05,0.24999999999999994,0.46743917513224387,8,128,1.453384404500428,1000006.3624608374,False,0.0,0.001984126984126984,0.0,0.013888888888888888,0.8786407766990292,0.0,0.003913571808308648,0.06142857142857142
sensor,7,8,pso,0.26138700483892585,0.00018711773428946096,0.24999999999999994,0.44434697109561255,8,128,1.4242209535607542,1000006.3803179802,False,0.0,0.003968253968253968,0.0,0.027777777777777776,0.8786407766990292,0.0,0.003913571808308648,0.06142857142857142
sensor,8,1,pso,0.43229792971632214,0.00010269884936396276,0.2032602814408621,0.4780686242113858,8,127,1.4540158045239504,1000006.3624608374,False,0.0,0.001984126984126984,0.0,0.013888888888888888,0.8786407766990292,0.0,0.003913571808308648,0.06142857142857142
sensor,8,2,pso,0.48069023269599764,0.00015389159976240244,0.24999999999999994,0.5914932359976721,8,128,1.4429727107109767,1000006.3803179802,False,0.0,0.003968253968253968,0.0,0.027777777777777776,0.8786407766990292,0.0,0.003913571808308648,0.06142857142857142
sensor,8,3,pso,0.42788945892913893,9.032855172206782e-05,0.24999999999999994,0.49112053045491405,8,128,1.4421145203016952,1000006.398175123,False,0.0,0.005952380952380952,0.0,0.041666666666666664,0.8786407766990292,0.0,0.003913571808308648,0.06142857142857142
sensor,8,4,pso,0.5299553546077631,2.9365323763024726e-05,0.24999999999999994,0.5062430920048593,8,128,1.4318907209952239,1000006.3664290913,False,0.0,0.003968253968253968,0.0,0.013888888888888888,0.8786407766990292,0.0,0.003913571808308648,0.06142857142857142
sensor,8,5,pso,0.616645318045553,1e-05,0.24999999999999994,0.46353778185008154,8,128,1.4746779739967557,1000006.4140481389,False,0.0,0.013888888888888888,0.0,0.041666666666666664,0.8786407766990292,0.0,0.003913571808308648,0.06142857142857142
sensor,8,6,pso,0.5159167655291556,7.476314334836947e-05,0.24999999999999994,0.541399307227631,8,128,1.4177519188145409,1000006.3446036945,False,0.0,0.0,0.0,0.0,0.8786407766990292,0.0,0.003913571808308648,0.06142857142857142
sensor,8,7,pso,0.5002835714671985,8.847442622199871e-05,0.24999999999999994,0.5023637645753899,8,128,1.4506675853960427,1000006.3624608374,False,0.0,0.001984126984126984,0.0,0.013888888888888888,0.8786407766990292,0.0,0.003913571808308648,0.06142857142857142
sensor,8,8,pso,0.4624427184137431,0.00017743380244218592,0.24999999999999994,0.48400079814643127,8,128,1.436184675153155,1000006.3624608374,False,0.0,0.001984126984126984,0.0,0.013888888888888888,0.8786407766990292,0.0,0.003913571808308648,0.06142857142857142
sensor,9,1,pso,0.46452624166997347,8.964340804819542e-05,0.24999999999999994,0.506458675905944,8,127,1.4295241973590427,1000006.3446036945,False,0.0,0.0,0.0,0.0,0.8786407766990292,0.0,0.003913571808308648,0.06142857142857142
sensor,9,2,pso,0.457812238686643,4.04815503829757e-05,0.24999999999999994,0.5122237595205352,8,128,1.4589590496975213,1000006.3624608374,False,0.0,0.001984126984126984,0.0,0.013888888888888888,0.8786407766990292,0.0,0.003913571808308648,0.06142857142857142
sensor,9,3,pso,0.6501062229826242,8.496231501891656e-05,0.24999999999999994,0.5852673476035692,8,128,1.433535160187803,1000006.3624608374,False,0.0,0.001984126984126984,0.0,0.013888888888888888,0.8786407766990292,0.0,0.003913571808308648,0.06142857142857142
sensor,9,4,pso,0.47628564110328425,4.058382655746156e-05,0.24999999999999994,0.5058587840802734,8,128,1.4313355067647522,1000006.3446036945,False,0.0,0.0,0.0,0.0,0.8786407766990292,0.0,0.003913571808308648,0.06142857142857142
sensor,9,5,pso,0.4563902162125049,5.288336437401784e-05,0.24999999999999994,0.5037578620037604,8,128,1.4759751603303017,1000006.3446036945,False,0.0,0.0,0.0,0.0,0.8786407766990292,0.0,0.003913571808308648,0.06142857142857142
sensor,9,6,pso,0.5038182226130972,8.185738840513995e-05,0.24999999999999994,0.5178401926294779,8,128,1.429844892457737,1000006.3446036945,False,0.0,0.0,0.0,0.0,0.8786407766990292,0.0,0.003913571808308648,0.06142857142857142
sensor,9,7,pso,0.40866723638315816,9.584253774508554e-05,0.24999999999999994,0.47087025749513406,8,128,1.4552038037523494,1000006.398175123,False,0.0,0.005952380952380952,0.0,0.041666666666666664,0.8786407766990292,0.0,0.003913571808308648,0.06142857142857142
sensor,9,8,pso,0.6906125472555387,0.000149230965589333,0.24999999999999994,0.5257315941349444,8,128,1.4458069840754029,1000006.4100798849,False,0.0,0.011904761904761904,0.0,0.041666666666666664,0.8786407766990292,0.0,0.003913571808308648,0.06142857142857142
sensor,10,1,pso,0.48093230780386065,7.837607781687099e-05,0.21053365232942625,0.5080751906655439,8,127,1.4295817219751468,1000006.3446036945,False,0.0,0.0,0.0,0.0,0.8786407766990292,0.0,0.003913571808308648,0.06142857142857142
sensor,10,2,pso,0.44904297752643546,5.863835554428216e-05,0.24999999999999994,0.43864024551283193,8,128,1.4326536349690042,1000006.3664290913,False,0.0,0.003968253968253968,0.0,0.013888888888888888,0.8786407766990292,0.0,0.003913571808308648,0.06142857142857142
sensor,10,3,pso,0.40407589802035637,9.43558522961811e-05,0.24999999999999994,0.5139751179827643,8,128,1.4468331821955123,1000006.3803179802,False,0.0,0.003968253968253968,0.0,0.027777777777777776,0.8786407766990292,0.0,0.003913571808308648,0.06142857142857142
sensor,10,4,pso,0.41610602262811064,0.00019154011469599237,0.24999999999999994,0.49406492212668573,8,128,1.4173847665378145,1000006.398175123,False,0.0,0.005952380952380952,0.0,0.041666666666666664,0.8786407766990292,0.0,0.003913571808308648,0.06142857142857142
sensor,10,5,pso,0.3722150217889605,0.00020654480612195976,0.24999999999999994,0.5288222405571311,8,128,1.4288837431040853,1000006.3803179802,False,0.0,0.003968253968253968,0.0,0.027777777777777776,0.8786407766990292,0.0,0.003913571808308648,0.06142857142857142
sensor,10,6,pso,0.5540629658137112,8.685022442867439e-05,0.24999999999999994,0.49602612267502794,8,128,1.4403735284519104,1000006.3664290913,False,0.0,0.003968253968253968,0.0,0.013888888888888888,0.8786407766990292,0.0,0.003913571808308648,0.06142857142857142
sensor,10,7,pso,0.37526398950548173,0.00011349825315906443,0.24999999999999994,0.4542631478471,8,128,1.4521943602926561,1000006.4517465517,False,0.0,0.011904761904761904,0.0,0.08333333333333333,0.8786407766990292,0.0,0.003913571808308648,0.06142857142857142
sensor,10,8,pso,0.463455137253273,6.987276491284393e-05,0.24999999999999994,0.4897053847040803,8,128,1.4342025583817752,1000006.3446036945,False,0.0,0.0,0.0,0.0,0.8786407766990292,0.0,0.003913571808308648,0.06142857142857142
camera,0,0,conservative,0.25,1e-05,0.05,0.25,32,64,1.3,1.0502108870436273,True,0.009259259259259259,0.25462962962962965,0.027777777777777776,0.4444444444444444,0.9217081850533808,0.0,0.0,0.0
camera,1,1,pso,0.2925051153702153,1.3126480128202435e-05,0.010665965162630625,0.5115669203810664,41,41,1.4510753630911695,1.2123072360616844,True,0.009259259259259259,0.27314814814814814,0.027777777777777776,0.5694444444444444,0.9205219454329775,0.0,0.0,0.0
camera,1,2,pso,0.10211654038263598,0.00013599025270423992,0.042708549422847866,0.5754230185716807,58,47,1.1671205786676255,1.4487742190589166,True,0.009259259259259259,0.30092592592592593,0.027777777777777776,0.75,0.9134045077105575,0.0,0.0,0.0
camera,1,3,pso,0.1567761574002937,1.025665287196461e-05,0.027030675229393782,0.5734647090549879,55,76,1.2912931275744925,1.4717444312640042,True,0.009259259259259259,0.3055555555555556,0.027777777777777776,0.7638888888888888,0.9169632265717675,0.0,0.0,0.0
camera,1,4,pso,0.6464355494033407,0.00039898754552667955,0.2080045266320635,0.5988349593507662,10,29,1.4567193027861083,0.39286279161724,True,0.009259259259259259,0.0787037037037037,0.027777777777777776,0.1388888888888889,0.9205219454329775,0.0,0.0,0.0
camera,1,5,pso,0.07035892236271685,8.368037392366284e-05,0.02626690894411835,0.3530747998243476,11,67,1.3332499372967934,0.37007051535521285,True,0.009259259259259259,0.06018518518518518,0.027777777777777776,0.1527777777777778,0.9134045077105575,0.0,0.0,0.0
camera,1,6,pso,0.06904391612947117,8.346339876322506e-05,0.050737968744265935,0.2171808108148136,31,62,1.0559883052941128,0.8700112033741928,True,0.009259259259259259,0.1712962962962963,0.027777777777777776,0.4305555555555556,0.9145907473309609,0.0,0.0,0.0
camera,1,7,pso,0.24575786836862568,1.5844354438962663e-05,0.06479348499987388,0.09557933377645847,38,111,1.173277756186975,1.3463885593778833,True,0.009259259259259259,0.3611111111111111,0.027777777777777776,0.5277777777777778,0.9240806642941874,0.0,0.0,0.0
camera,1,8,pso,0.06255838190567357,7.327674271953006e-05,0.039212488670328845,0.3866910837013883,16,16,1.5058493880560837,0.4719223672070647,True,0.009259259259259259,0.08333333333333333,0.027777777777777776,0.20833333333333334,0.9134045077105575,0.0,0.0,0.0
camera,2,1,pso,0.18687765277250365,2.2751754012665655e-05,0.021963381408079803,0.4386938514779934,40,75,1.3680599107931115,1.1430407275603005,True,0.009259259259259259,0.24537037037037038,0.027777777777777776,0.5555555555555556,0.9169632265717675,0.0,0.0,0.0
camera,2,2,pso,0.07957533061182716,0.00010378164822341509,0.04248219349909685,0.39342438624477205,8,72,1.2663290517513026,0.3005667589297482,True,0.009259259259259259,0.046296296296296294,0.027777777777777776,0.1111111111111111,0.9145907473309609,0.0,0.0,0.0
camera,2,3,pso,0.05291271045404999,3.85061310927775e-05,0.03264569274116818,0.4680693750859745,49,76,1.3278568085514542,1.2635890338737314,True,0.009259259259259259,0.2638888888888889,0.027777777777777776,0.6388888888888888,0.9134045077105575,0.0,0.0,0.0
camera,2,4,pso,0.25642776217812324,0.00020509405846751025,0.032821318174846154,0.24676290972509168,11,82,1.287373061120116,0.415951627784368,True,0.009259259259259259,0.08333333333333333,0.027777777777777776,0.1527777777777778,0.9217081850533808,0.0,0.0,0.0
camera,2,5,pso,0.07959905009655159,8.387578640060672e-05,0.026702115913864517,0.3683818573977464,12,62,1.3691124551138203,0.4024186107816001,True,0.009259259259259259,0.06944444444444445,0.027777777777777776,0.16666666666666666,0.9145907473309609,0.0,0.0,0.0
camera,2,6,pso,0.06220580165408338,9.609656513063516e-05,0.023401481903135454,0.310397545385482,14,69,1.2232129213058167,0.42562607091076843,True,0.009259259259259259,0.07407407407407407,0.027777777777777776,0.18055555555555555,0.9134045077105575,0.0,0.0,0.0
camera,2,7,pso,0.10507451292105928,2.005916056075455e-05,0.025077458167589578,0.5086504662484118,24,99,1.3454974065860146,0.6987149070778964,True,0.009259259259259259,0.13425925925925927,0.027777777777777776,0.3333333333333333,0.9145907473309609,0.0,0.0,0.0
camera,2,8,pso,0.060409597716883104,5.927260477060395e-05,0.03342762182959667,0.413630483433183,10,50,1.29267753474885,0.3469223672070647,True,0.009259259259259259,0.05555555555555555,0.027777777777777776,0.1388888888888889,0.9134045077105575,0.0,0.0,0.0
camera,3,1,pso,0.0945835257198592,0.00019739376836252283,0.06361224455592854,0.33354473323553774,22,97,1.260370177980069,0.6522999868195598,True,0.009259259259259259,0.125,0.027777777777777776,0.3055555555555556,0.9169632265717675,0.0,0.0,0.0
camera,3,2,pso,0.06682763667802351,8.589136640218996e-05,0.04232445854678245,0.26602534361593605,8,89,1.3357749829098768,0.3005667589297482,True,0.009259259259259259,0.046296296296296294,0.027777777777777776,0.1111111111111111,0.9145907473309609,0.0,0.0,0.0
camera,3,3,pso,0.049999999999999996,0.0003045487431518919,0.042639588157452224,0.3490710309036786,8,70,1.345608537690074,0.30062607091076843,True,0.009259259259259259,0.046296296296296294,0.027777777777777776,0.1111111111111111,0.9134045077105575,0.0,0.0,0.0
camera,3,4,pso,0.13963872375622896,4.867252029097954e-05,0.021756176961017414,0.2300815233985648,8,70,1.2397377687488391,0.3187887175431659,True,0.009259259259259259,0.05555555555555555,0.027777777777777776,0.1111111111111111,0.9205219454329775,0.0,0.0,0.0
camera,3,5,pso,0.07868691116418844,0.00010493940857940785,0.03966296717414953,0.3598063198855835,8,65,1.3560630619324436,0.3005667589297482,True,0.009259259259259259,0.046296296296296294,0.027777777777777776,0.1111111111111111,0.9145907473309609,0.0,0.0,0.0
camera,3,6,pso,0.07319834331979475,0.00011304951229713635,0.02342310436953001,0.47385078770521794,8,77,1.388337961231396,0.30062607091076843,True,0.009259259259259259,0.046296296296296294,0.027777777777777776,0.1111111111111111,0.9134045077105575,0.0,0.0,0.0
camera,3,7,pso,0.05241291390200322,9.811844647535453e-05,0.026558272199229,0.6,8,60,1.3679144613983203,0.30074469487280875,True,0.009259259259259259,0.046296296296296294,0.027777777777777776,0.1111111111111111,0.9110320284697508,0.0,0.0,0.0
camera,3,8,pso,0.072030253697557,8.659097157117857e-05,0.036418561193589896,0.4186576639396155,8,88,1.127390717608156,0.30062607091076843,True,0.009259259259259259,0.046296296296296294,0.027777777777777776,0.1111111111111111,0.9134045077105575,0.0,0.0,0.0
camera,4,1,pso,0.049999999999999996,0.0006830585154860227,0.11138090681491292,0.33848409454482076,8,78,1.1851769101534328,0.47655199683669436,True,0.032407407407407406,0.046296296296296294,0.06944444444444445,0.1111111111111111,0.9134045077105575,0.0,0.0,0.0
camera,4,2,pso,0.0764197483766384,9.794920372301867e-05,0.04237015390627972,0.417426570598332,8,56,1.3614467539818254,0.30062607091076843,True,0.009259259259259259,0.046296296296296294,0.027777777777777776,0.1111111111111111,0.9134045077105575,0.0,0.0,0.0
camera,4,3,pso,0.049999999999999996,0.0006299590606100848,0.051126347259341454,0.2972675054971295,8,67,1.285772305589796,0.30062607091076843,True,0.009259259259259259,0.046296296296296294,0.027777777777777776,0.1111111111111111,0.9134045077105575,0.0,0.0,0.0
camera,4,4,pso,0.049999999999999996,4.6211937007863723e-05,0.01654689564134944,0.31405894200268963,8,63,1.2113555789607102,0.30062607091076843,True,0.009259259259259259,0.046296296296296294,0.027777777777777776,0.1111111111111111,0.9134045077105575,0.0,0.0,0.0
camera,4,5,pso,0.07822824925485508,0.00012133136767517003,0.053935802963444864,0.3689482768808955,8,72,1.3177034678633428,0.3005667589297482,True,0.009259259259259259,0.046296296296296294,0.027777777777777776,0.1111111111111111,0.9145907473309609,0.0,0.0,0.0
camera,4,6,pso,0.08354078480719096,0.00012580983815860773,0.05537084593224551,0.5286880061038586,8,79,1.3715424235709053,0.30062607091076843,True,0.009259259259259259,0.046296296296296294,0.027777777777777776,0.1111111111111111,0.9134045077105575,0.0,0.0,0.0
camera,4,7,pso,0.05905836321817365,0.00030441531378595083,0.0277847062415532,0.5854412176757483,8,41,1.344724010849208,0.30062607091076843,True,0.009259259259259259,0.046296296296296294,0.027777777777777776,0.1111111111111111,0.9134045077105575,0.0,0.0,0.0
camera,4,8,pso,0.08814561457044888,0.0001381915687086668,0.04292754426293932,0.38555073301288884,8,102,1.029851359920533,0.3005667589297482,True,0.009259259259259259,0.046296296296296294,0.027777777777777776,0.1111111111111111,0.9145907473309609,0.0,0.0,0.0
camera,5,1,pso,0.049999999999999996,0.00025691835406124145,0.08976071492637272,0.41012252672585264,8,58,1.1520051700713163,0.30062607091076843,True,0.009259259259259259,0.046296296296296294,0.027777777777777776,0.1111111111111111,0.9134045077105575,0.0,0.0,0.0
camera,5,2,pso,0.08595268010771125,0.00011671602385951493,0.042464573091024825,0.47639791634368994,8,69,1.1297496694778308,0.30062607091076843,True,0.009259259259259259,0.046296296296296294,0.027777777777777776,0.1111111111111111,0.9134045077105575,0.0,0.0,0.0
camera,5,3,pso,0.0693992178879692,0.0001633151795125196,0.05578828664160696,0.3957165541832311,8,69,1.268428554419503,0.30062607091076843,True,0.009259259259259259,0.046296296296296294,0.027777777777777776,0.1111111111111111,0.9134045077105575,0.0,0.0,0.0
camera,5,4,pso,0.049999999999999996,6.433394092937873e-05,0.026283968690635828,0.4628211963707387,8,61,1.201992434458937,0.30062607091076843,True,0.009259259259259259,0.046296296296296294,0.027777777777777776,0.1111111111111111,0.9134045077105575,0.0,0.0,0.0
camera,5,5,pso,0.07935852360331488,0.00010513236835239195,0.06197062421462434,0.38085189882358694,8,76,1.2783300686127483,0.3005667589297482,True,0.009259259259259259,0.046296296296296294,0.027777777777777776,0.1111111111111111,0.9145907473309609,0.0,0.0,0.0
camera,5,6,pso,0.0857198899426981,8.930682570490713e-05,0.03889322415226457,0.43288356980901144,8,70,1.344822239364767,0.30062607091076843,True,0.009259259259259259,0.046296296296296294,0.027777777777777776,0.1111111111111111,0.9134045077105575,0.0,0.0,0.0
camera,5,7,pso,0.09140704966302306,0.00026117950788810993,0.030208034075220352,0.5531803813317288,8,41,1.2274328016874851,0.30062607091076843,True,0.009259259259259259,0.046296296296296294,0.027777777777777776,0.1111111111111111,0.9134045077105575,0.0,0.0,0.0
camera,5,8,pso,0.09131314499544427,0.00012911910354305095,0.047754399742343065,0.3736023460553591,8,81,1.0884640340540186,0.3004481349677079,True,0.009259259259259259,0.046296296296296294,0.027777777777777776,0.1111111111111111,0.9169632265717675,0.0,0.0,0.0
camera,6,1,pso,0.06091378892294352,5.439144961721983e-05,0.056894259223991175,0.4205573422259606,8,70,1.0366863333864533,0.30062607091076843,True,0.009259259259259259,0.046296296296296294,0.027777777777777776,0.1111111111111111,0.9134045077105575,0.0,0.0,0.0
camera,6,2,pso,0.09887205917715465,0.00013047477457727368,0.044056393165100814,0.3339063992295199,8,84,1.0673037888966552,0.3004481349677079,True,0.009259259259259259,0.046296296296296294,0.027777777777777776,0.1111111111111111,0.9169632265717675,0.0,0.0,0.0
camera,6,3,pso,0.07233574107384627,0.00010460654959398429,0.04114577811186915,0.43973029979437006,8,73,1.2257468094935342,0.30062607091076843,True,0.009259259259259259,0.046296296296296294,0.027777777777777776,0.1111111111111111,0.9134045077105575,0.0,0.0,0.0
camera,6,4,pso,0.07003627240754678,0.00014905407759166565,0.0726393105410923,0.4268103340814696,8,82,1.0968135282663765,0.30062607091076843,True,0.009259259259259259,0.046296296296296294,0.027777777777777776,0.1111111111111111,0.9134045077105575,0.0,0.0,0.0
camera,6,5,pso,0.0821740573719198,0.00011615252309238788,0.03899701325202436,0.37257289115408704,8,74,1.2043422754959565,0.3005667589297482,True,0.009259259259259259,0.046296296296296294,0.027777777777777776,0.1111111111111111,0.9145907473309609,0.0,0.0,0.0
camera,6,6,pso,0.08600405338576864,0.00013976085549015095,0.01625647964843894,0.2963072637973904,8,80,1.1141666382937214,0.3004481349677079,True,0.009259259259259259,0.046296296296296294,0.027777777777777776,0.1111111111111111,0.9169632265717675,0.0,0.0,0.0
camera,6,7,pso,0.08171161183743034,0.00016266111667409934,0.04719420036757801,0.3339106262618099,8,95,1.1455359792885238,0.3005667589297482,True,0.009259259259259259,0.046296296296296294,0.027777777777777776,0.1111111111111111,0.9145907473309609,0.0,0.0,0.0
camera,6,8,pso,0.093597902090452,0.00012312514950537742,0.05145262454176696,0.3652384751850883,8,66,1.1294929059474583,0.3004481349677079,True,0.009259259259259259,0.046296296296296294,0.027777777777777776,0.1111111111111111,0.9169632265717675,0.0,0.0,0.0
camera,7,1,pso,0.12021061109883431,6.035857365098989e-05,0.05461394126873648,0.34494976365899876,8,90,1.0336256746220307,0.3189666534862264,True,0.009259259259259259,0.05555555555555555,0.027777777777777776,0.1111111111111111,0.9169632265717675,0.0,0.0,0.0
camera,7,2,pso,0.09922148830684227,0.00014062270064276055,0.04843327739678094,0.2696457786961301,8,93,1.0395143762641998,0.3097073942269672,True,0.009259259259259259,0.05092592592592592,0.027777777777777776,0.1111111111111111,0.9169632265717675,0.0,0.0,0.0
camera,7,3,pso,0.0643086656779471,0.00013766910066327967,0.0371773085941817,0.41360892421772477,8,82,1.1520822862798825,0.30062607091076843,True,0.009259259259259259,0.046296296296296294,0.027777777777777776,0.1111111111111111,0.9134045077105575,0.0,0.0,0.0
camera,7,4,pso,0.09563702441171364,8.01618936935039e-05,0.02765578656052322,0.27373676801543806,8,75,1.0458222853683843,0.3097073942269672,True,0.009259259259259259,0.05092592592592592,0.027777777777777776,0.1111111111111111,0.9169632265717675,0.0,0.0,0.0
camera,7,5,pso,0.08774107750812447,0.0001293329682983193,0.03721732210782527,0.3618475330918355,8,73,1.2332285956295688,0.3004481349677079,True,0.009259259259259259,0.046296296296296294,0.027777777777777776,0.1111111111111111,0.9169632265717675,0.0,0.0,0.0
camera,7,6,pso,0.09354851835234887,0.00017467528379157518,0.020153188387015904,0.26531200876446065,8,87,1.0,0.3097073942269672,True,0.009259259259259259,0.05092592592592592,0.027777777777777776,0.1111111111111111,0.9169632265717675,0.0,0.0,0.0
camera,7,7,pso,0.08558491356816678,8.944610159026682e-05,0.06506328068409596,0.22175890071818272,8,128,1.023761401426657,0.3004481349677079,True,0.009259259259259259,0.046296296296296294,0.027777777777777776,0.1111111111111111,0.9169632265717675,0.0,0.0,0.0
camera,7,8,pso,0.09011525210449632,0.00012507973147524133,0.052614920922278145,0.37611170186133075,8,81,1.1186391167691891,0.3004481349677079,True,0.009259259259259259,0.046296296296296294,0.027777777777777776,0.1111111111111111,0.9169632265717675,0.0,0.0,0.0
camera,8,1,pso,0.07844162166492294,0.00011908495018683854,0.04845829674241483,0.38690923019752343,8,68,1.1419444945512478,0.3005667589297482,True,0.009259259259259259,0.046296296296296294,0.027777777777777776,0.1111111111111111,0.9145907473309609,0.0,0.0,0.0
camera,8,2,pso,0.09176772267413477,0.00013415740887507828,0.051469133738648094,0.3934025591054818,8,81,1.0710161673152054,0.3005667589297482,True,0.009259259259259259,0.046296296296296294,0.027777777777777776,0.1111111111111111,0.9145907473309609,0.0,0.0,0.0
camera,8,3,pso,0.05912963333006748,0.00024144351871422547,0.04072773104993117,0.34488705051089014,8,73,1.3331036842812192,0.30062607091076843,True,0.009259259259259259,0.046296296296296294,0.027777777777777776,0.1111111111111111,0.9134045077105575,0.0,0.0,0.0
camera,8,4,pso,0.07830314358935704,2.8476048230664562e-05,0.010664961714855491,0.2945425277510014,8,64,1.1881802839466729,0.3005667589297482,True,0.009259259259259259,0.046296296296296294,0.027777777777777776,0.1111111111111111,0.9145907473309609,0.0,0.0,0.0
camera,8,5,pso,0.09677946948665198,0.0001392477658759431,0.05155099677421943,0.3547790959201636,8,77,1.068996826772394,0.3004481349677079,True,0.009259259259259259,0.046296296296296294,0.027777777777777776,0.1111111111111111,0.9169632265717675,0.0,0.0,0.0
camera,8,6,pso,0.0936967037441709,0.0001290484459450902,0.0357739577866424,0.3546620949838243,8,88,1.0217948671718682,0.3004481349677079,True,0.009259259259259259,0.046296296296296294,0.027777777777777776,0.1111111111111111,0.9169632265717675,0.0,0.0,0.0
camera,8,7,pso,0.09477082628945849,6.744306955613807e-05,0.06184481823467549,0.15431310212806687,8,111,1.0059808337633946,0.3189666534862264,True,0.009259259259259259,0.05555555555555555,0.027777777777777776,0.1111111111111111,0.9169632265717675,0.0,0.0,0.0
camera,8,8,pso,0.08935032947819176,0.00012762548117889157,0.04433909982095343,0.3801875589500573,8,91,1.0246330417579346,0.3005667589297482,True,0.009259259259259259,0.046296296296296294,0.027777777777777776,0.1111111111111111,0.9145907473309609,0.0,0.0,0.0
camera,9,1,pso,0.06412106737567756,0.00020661727155465117,0.04411673336744486,0.39732591396183053,8,53,1.1645253563031668,0.30062607091076843,True,0.009259259259259259,0.046296296296296294,0.027777777777777776,0.1111111111111111,0.9134045077105575,0.0,0.0,0.0
camera,9,2,pso,0.08825243742485579,0.00011961004083933201,0.043910309020802424,0.47760587761858575,8,75,1.1002126524403804,0.30062607091076843,True,0.009259259259259259,0.046296296296296294,0.027777777777777776,0.1111111111111111,0.9134045077105575,0.0,0.0,0.0
camera,9,3,pso,0.056337695553467126,0.00021328336028107525,0.05054686809493909,0.3263056564957305,8,74,1.214434108887198,0.30062607091076843,True,0.009259259259259259,0.046296296296296294,0.027777777777777776,0.1111111111111111,0.9134045077105575,0.0,0.0,0.0
camera,9,4,pso,0.08318978696167431,0.00010178509758672383,0.01,0.34821895668483716,8,71,1.2717980784462628,0.3005667589297482,True,0.009259259259259259,0.046296296296296294,0.027777777777777776,0.1111111111111111,0.9145907473309609,0.0,0.0,0.0
camera,9,5,pso,0.09953453851890705,0.00012957452071738423,0.04444535960922398,0.3783257080763688,8,83,1.1873075960768085,0.3004481349677079,True,0.009259259259259259,0.046296296296296294,0.027777777777777776,0.1111111111111111,0.9169632265717675,0.0,0.0,0.0
camera,9,6,pso,0.08409367687171032,0.00011429090234408798,0.0225842795185366,0.3961425981937098,8,81,1.1454555503864452,0.3005667589297482,True,0.009259259259259259,0.046296296296296294,0.027777777777777776,0.1111111111111111,0.9145907473309609,0.0,0.0,0.0
camera,9,7,pso,0.09178088366889958,0.00018190998460071927,0.058068082446637664,0.19477052873684453,8,94,1.021059076316936,0.3189666534862264,True,0.009259259259259259,0.05555555555555555,0.027777777777777776,0.1111111111111111,0.9169632265717675,0.0,0.0,0.0
camera,9,8,pso,0.09276565104301854,0.000132757098369908,0.040956966339931886,0.36719962855157623,8,69,1.0114319420763815,0.3004481349677079,True,0.009259259259259259,0.046296296296296294,0.027777777777777776,0.1111111111111111,0.9169632265717675,0.0,0.0,0.0
camera,10,1,pso,0.08457581496742402,0.00017114007178471326,0.04360216428464688,0.3965172449102121,8,97,1.0797701539937914,0.3005667589297482,True,0.009259259259259259,0.046296296296296294,0.027777777777777776,0.1111111111111111,0.9145907473309609,0.0,0.0,0.0
camera,10,2,pso,0.09672851730618102,0.00012961410570800022,0.04422851568515199,0.3211103575127868,8,88,1.0997688506643968,0.3004481349677079,True,0.009259259259259259,0.046296296296296294,0.027777777777777776,0.1111111111111111,0.9169632265717675,0.0,0.0,0.0
camera,10,3,pso,0.09735484539131516,0.00013746753385892758,0.05299792446704762,0.3248603332216329,8,76,1.0996001036557952,0.3004481349677079,True,0.009259259259259259,0.046296296296296294,0.027777777777777776,0.1111111111111111,0.9169632265717675,0.0,0.0,0.0
camera,10,4,pso,0.09365315642048702,4.683026757578414e-05,0.02905168260647691,0.3822705139018236,8,76,1.2760035610325462,0.3004481349677079,True,0.009259259259259259,0.046296296296296294,0.027777777777777776,0.1111111111111111,0.9169632265717675,0.0,0.0,0.0
camera,10,5,pso,0.08392195360650448,0.0001224701936134371,0.034296031595923065,0.37828170630434343,8,73,1.172669124717401,0.3005667589297482,True,0.009259259259259259,0.046296296296296294,0.027777777777777776,0.1111111111111111,0.9145907473309609,0.0,0.0,0.0
camera,10,6,pso,0.07871058497889599,0.00014089859069003365,0.018755246838747058,0.33903473290731817,8,75,1.190107931528133,0.3005667589297482,True,0.009259259259259259,0.046296296296296294,0.027777777777777776,0.1111111111111111,0.9145907473309609,0.0,0.0,0.0
camera,10,7,pso,0.0866206074360832,0.0002596161744288291,0.05955793971877699,0.26530873497602364,8,99,1.0769612665984307,0.3004481349677079,True,0.009259259259259259,0.046296296296296294,0.027777777777777776,0.1111111111111111,0.9169632265717675,0.0,0.0,0.0
camera,10,8,pso,0.09114825141430985,0.00013225139331029436,0.04613105970165274,0.3732300609329235,8,70,1.1917532592552458,0.3004481349677079,True,0.009259259259259259,0.046296296296296294,0.027777777777777776,0.1111111111111111,0.9169632265717675,0.0,0.0,0.0
edge-infrastructure,0,0,conservative,0.25,1e-05,0.05,0.25,32,64,1.3,1000106.9255010623,False,0.0,0.0,0.0,0.0,0.7446808510638298,0.0,0.15825470209812814,0.99
edge-infrastructure,1,1,pso,0.06968161840678258,4.9732403263248855e-05,0.03691842242667314,0.5830511714794321,17,112,1.0978271626426392,1000107.2629396876,False,0.0,0.041666666666666664,0.0,0.041666666666666664,0.7375886524822695,0.0,0.16249638240363823,0.99
edge-infrastructure,1,2,pso,0.12486597090508467,0.0006747665656360281,0.07275750287572891,0.5752148902376746,31,121,1.5560492156521362,1000107.2588343957,False,0.0,0.1111111111111111,0.0,0.1111111111111111,0.7446808510638298,0.0,0.15825470209812814,0.99
edge-infrastructure,1,3,pso,0.3471743853321149,1.1285677956981615e-05,0.13023160245480478,0.5454153536492125,37,38,1.108475938388426,1000106.8146146674,False,0.0,0.0,0.0,0.0,0.7477203647416414,0.0,0.15604001371322698,0.99
edge-infrastructure,1,4,pso,0.4934371434904874,1.7197332731106297e-05,0.0580181424730525,0.16188313581402333,25,125,1.1659750681325864,1000106.9255010623,False,0.0,0.0,0.0,0.0,0.7446808510638298,0.0,0.15825470209812814,0.99
edge-infrastructure,1,5,pso,0.3183026724228026,0.0011780115566571547,0.025288986054096244,0.13060775303502858,51,67,1.1727277603700847,1000106.9255010623,False,0.0,0.0,0.0,0.0,0.7446808510638298,0.0,0.15825470209812814,0.99
edge-infrastructure,1,6,pso,0.08868654846740649,0.004516116689822561,0.08007524803092134,0.3376851408540528,14,118,1.1996721016812353,1000107.2167748004,False,0.0,0.0,0.0,0.0,0.7345491388044579,0.0,0.16407004514751375,0.99
edge-infrastructure,1,7,pso,0.4255529933494619,0.0027763661424232383,0.019398135633836352,0.5878714669370922,58,79,1.4345884991071052,1000106.9255010623,False,0.0,0.0,0.0,0.0,0.7446808510638298,0.0,0.15825470209812814,0.99
edge-infrastructure,1,8,pso,0.10597679806518515,0.0008979581586705092,0.04005890438143171,0.22901988926623473,47,59,1.422708935644581,1000107.005735131,False,0.0,0.1111111111111111,0.0,0.1111111111111111,0.7537993920972644,0.0,0.15320183534313375,0.99
edge-infrastructure,2,1,pso,0.08298999821951929,1.2478879822280189e-05,0.05537733320396891,0.5252169976358242,21,21,1.1046780990371525,1000107.2949344659,False,0.0,0.1111111111111111,0.0,0.1111111111111111,0.7416413373860182,0.0,0.1589736639873028,0.99
edge-infrastructure,2,2,pso,0.6002451602324166,3.623878717053797e-05,0.07823183695662343,0.5619111777514326,36,117,1.4431513017662219,1000106.9255010623,False,0.0,0.0,0.0,0.0,0.7446808510638298,0.0,0.15825470209812814,0.99
edge-infrastructure,2,3,pso,0.30038383321985623,1e-05,0.11761860775514388,0.5539184996824746,35,31,1.0698903151837458,1000106.8146146674,False,0.0,0.0,0.0,0.0,0.7477203647416414,0.0,0.15604001371322698,0.99
edge-infrastructure,2,4,pso,0.3449338956673568,1.5010251213274506e-05,0.08373162655005452,0.2880025316485577,33,63,1.164636303077168,1000106.9255010623,False,0.0,0.0,0.0,0.0,0.7446808510638298,0.0,0.15825470209812814,0.99
edge-infrastructure,2,5,pso,0.4292872735935324,1e-05,0.1539198972050495,0.3890100920445523,41,51,1.172444716945053,1000106.9255010623,False,0.0,0.0,0.0,0.0,0.7446808510638298,0.0,0.15825470209812814,0.99
edge-infrastructure,2,6,pso,0.5136640119099677,1e-05,0.1383213786430406,0.4513305777263956,28,108,1.0845171998173324,1000106.9255010623,False,0.0,0.0,0.0,0.0,0.7446808510638298,0.0,0.15825470209812814,0.99
edge-infrastructure,2,7,pso,0.4695973613285256,2.1111853971160284e-05,0.1399934433608425,0.5693205078358393,41,46,1.3629258730204337,1000106.9255010623,False,0.0,0.0,0.0,0.0,0.7446808510638298,0.0,0.15825470209812814,0.99
edge-infrastructure,2,8,pso,0.41575404757509654,0.00019522252193936095,0.07633087544419333,0.32464923091679854,42,34,1.0730125860461464,1000106.9255010623,False,0.0,0.0,0.0,0.0,0.7446808510638298,0.0,0.15825470209812814,0.99
edge-infrastructure,3,1,pso,0.49574171599639655,1.0386459443821011e-05,0.17433916916767958,0.5511328549331106,40,73,1.1087354504385478,1000106.9255010623,False,0.0,0.0,0.0,0.0,0.7446808510638298,0.0,0.15825470209812814,0.99
edge-infrastructure,3,2,pso,0.7500000000000001,1e-05,0.135366046629607,0.5483789761357217,40,72,1.2030632211261774,1000106.9255010623,False,0.0,0.0,0.0,0.0,0.7446808510638298,0.0,0.15825470209812814,0.99
edge-infrastructure,3,3,pso,0.3418852158714749,1.0290166654484527e-05,0.14406045972849413,0.5502064968842098,35,34,1.1074980113848925,1000106.8146146674,False,0.0,0.0,0.0,0.0,0.7477203647416414,0.0,0.15604001371322698,0.99
edge-infrastructure,3,4,pso,0.3426613054991957,1.3509661238289567e-05,0.10450957445496255,0.39938609805889397,37,56,1.1235436717983314,1000106.9255010623,False,0.0,0.0,0.0,0.0,0.7446808510638298,0.0,0.15825470209812814,0.99
edge-infrastructure,3,5,pso,0.48857141638860235,1e-05,0.24999999999999994,0.6,45,27,1.1161064052031193,1000106.9255010623,False,0.0,0.0,0.0,0.0,0.7446808510638298,0.0,0.15825470209812814,0.99
edge-infrastructure,3,6,pso,0.7500000000000001,1e-05,0.19159338008927396,0.589554237334142,44,16,1.0202236658983324,1000106.9255010623,False,0.0,0.0,0.0,0.0,0.7446808510638298,0.0,0.15825470209812814,0.99
edge-infrastructure,3,7,pso,0.4030876044019076,0.00017701126912716633,0.24297279663217997,0.5450450410673792,46,22,1.2439127979459228,1000106.9255010623,False,0.0,0.0,0.0,0.0,0.7446808510638298,0.0,0.15825470209812814,0.99
edge-infrastructure,3,8,pso,0.7500000000000001,3.062383970652682e-05,0.14133448606315008,0.5867458798138053,35,16,1.0,1000106.9255010623,False,0.0,0.0,0.0,0.0,0.7446808510638298,0.0,0.15825470209812814,0.99
edge-infrastructure,4,1,pso,0.7500000000000001,1e-05,0.24999999999999994,0.5659689035638967,50,88,1.1114005886145384,1000106.9255010623,False,0.0,0.0,0.0,0.0,0.7446808510638298,0.0,0.15825470209812814,0.99
edge-infrastructure,4,2,pso,0.5557166909704359,1e-05,0.13471551088569164,0.5417522713038123,41,73,1.0409803435920835,1000106.9255010623,False,0.0,0.0,0.0,0.0,0.7446808510638298,0.0,0.15825470209812814,0.99
edge-infrastructure,4,3,pso,0.38230317086743926,1.2338965077177193e-05,0.15462452104152727,0.5337462810804418,39,40,1.1344321937349322,1000106.9255010623,False,0.0,0.0,0.0,0.0,0.7446808510638298,0.0,0.15825470209812814,0.99
edge-infrastructure,4,4,pso,0.5895815678734386,1.2499888296786058e-05,0.07566470720877999,0.24170662776843488,32,102,1.107393962027758,1000106.9255010623,False,0.0,0.0,0.0,0.0,0.7446808510638298,0.0,0.15825470209812814,0.99
edge-infrastructure,4,5,pso,0.3545679174264707,0.0002583152420487264,0.014274709249326178,0.5414716032015671,49,39,1.0760708462036996,1000106.8146146674,False,0.0,0.0,0.0,0.0,0.7477203647416414,0.0,0.15604001371322698,0.99
edge-infrastructure,4,6,pso,0.4869875683825911,1e-05,0.12325021648149527,0.49972046798348047,43,61,1.0941816370090687,1000106.9255010623,False,0.0,0.0,0.0,0.0,0.7446808510638298,0.0,0.15825470209812814,0.99
edge-infrastructure,4,7,pso,0.3245123174217897,0.0033477362035296524,0.01,0.5314361226671656,51,74,1.2378465626652113,1000106.8146146674,False,0.0,0.0,0.0,0.0,0.7477203647416414,0.0,0.15604001371322698,0.99
edge-infrastructure,4,8,pso,0.7500000000000001,0.0001053364515355203,0.20006167102309547,0.3703489201541091,42,20,1.0,1000106.9255010623,False,0.0,0.0,0.0,0.0,0.7446808510638298,0.0,0.15825470209812814,0.99
edge-infrastructure,5,1,pso,0.5643599082132799,1e-05,0.18443461140003403,0.558141964419146,45,49,1.1060384896399456,1000106.9255010623,False,0.0,0.0,0.0,0.0,0.7446808510638298,0.0,0.15825470209812814,0.99
edge-infrastructure,5,2,pso,0.3659834818983891,1.3480841318628188e-05,0.07475653237544769,0.5712712731585459,35,68,1.51046600175515,1000106.8146146674,False,0.0,0.0,0.0,0.0,0.7477203647416414,0.0,0.15604001371322698,0.99
edge-infrastructure,5,3,pso,0.347145224365648,1.1831741649080642e-05,0.11860109638480634,0.5322255841341585,38,39,1.1306535574817993,1000106.8146146674,False,0.0,0.0,0.0,0.0,0.7477203647416414,0.0,0.15604001371322698,0.99
edge-infrastructure,5,4,pso,0.5390695484242937,1.1590667465206235e-05,0.06267095919893019,0.3371483056771295,31,128,1.1684033869195871,1000106.9255010623,False,0.0,0.0,0.0,0.0,0.7446808510638298,0.0,0.15825470209812814,0.99
edge-infrastructure,5,5,pso,0.27844149139370394,0.0020402011335355335,0.01,0.5031793737514711,38,48,1.0559248851664516,1000106.8146146674,False,0.0,0.0,0.0,0.0,0.7477203647416414,0.0,0.15604001371322698,0.99
edge-infrastructure,5,6,pso,0.37406452126933776,1e-05,0.10417844558832043,0.45144402900811514,18,79,1.1606536346399658,1000106.9255010623,False,0.0,0.0,0.0,0.0,0.7446808510638298,0.0,0.15825470209812814,0.99
edge-infrastructure,5,7,pso,0.2891415752116132,0.004101167346987046,0.03332351021368002,0.5327365962754704,45,69,1.144986582734372,1000106.8146146674,False,0.0,0.0,0.0,0.0,0.7477203647416414,0.0,0.15604001371322698,0.99
edge-infrastructure,5,8,pso,0.31826440648779175,0.00016015157783646458,0.19086522063891467,0.28482828432230045,43,59,1.0902221172999258,1000106.9255010623,False,0.0,0.0,0.0,0.0,0.7446808510638298,0.0,0.15825470209812814,0.99
edge-infrastructure,6,1,pso,0.2548920659041148,1.0570989969670856e-05,0.1111821247320305,0.5507486005136293,36,22,1.1059501381538104,1000106.6122003424,False,0.0,0.0,0.0,0.0,0.7598784194528876,0.0,0.1520038852662966,0.99
edge-infrastructure,6,2,pso,0.2551251242316014,1.2760618232839437e-05,0.06946177664862968,0.5784666724733973,34,62,1.3618374649014158,1000106.9455336757,False,0.0,0.1111111111111111,0.0,0.1111111111111111,0.7598784194528876,0.0,0.1520038852662966,0.99
edge-infrastructure,6,3,pso,0.32451241115694884,1.1038789711752634e-05,0.11790510619988805,0.5468119558289652,36,38,1.110938746862872,1000106.8146146674,False,0.0,0.0,0.0,0.0,0.7477203647416414,0.0,0.15604001371322698,0.99
edge-infrastructure,6,4,pso,0.34419609063795537,1.835767155467038e-05,0.10458895734533116,0.30830544597743154,33,46,1.183580917352268,1000106.9255010623,False,0.0,0.0,0.0,0.0,0.7446808510638298,0.0,0.15825470209812814,0.99
edge-infrastructure,6,5,pso,0.3071155893867951,0.0006013994875008739,0.07925719284972059,0.5133124072119755,38,35,1.1261439663557204,1000106.8146146674,False,0.0,0.0,0.0,0.0,0.7477203647416414,0.0,0.15604001371322698,0.99
edge-infrastructure,6,6,pso,0.42359253455699863,1e-05,0.12166329806977667,0.4702304448306382,32,62,1.0418637716584984,1000106.9255010623,False,0.0,0.0,0.0,0.0,0.7446808510638298,0.0,0.15825470209812814,0.99
edge-infrastructure,6,7,pso,0.291109200381682,0.004003461587686948,0.08487018659195442,0.5454147149848123,38,38,1.1424889091277364,1000106.7037282725,False,0.0,0.0,0.0,0.0,0.7507598784194529,0.0,0.15382532532832585,0.99
edge-infrastructure,6,8,pso,0.27098274625408036,1.5321809270186537e-05,0.13422917380170699,0.5470954113767597,42,29,1.1573298332574056,1000106.6435268173,False,0.0,0.0,0.0,0.0,0.756838905775076,0.0,0.15262737525148873,0.99
edge-infrastructure,7,1,pso,0.14612227710813572,1.098997294456787e-05,0.07801349780537854,0.5455732457797675,30,16,1.1058882921135156,1000107.2588343957,False,0.0,0.1111111111111111,0.0,0.1111111111111111,0.7446808510638298,0.0,0.15825470209812814,0.99
edge-infrastructure,7,2,pso,0.3129307738813573,1.0900377554897323e-05,0.06844247144678962,0.5810617677480039,35,16,1.377578231191125,1000106.6796268874,False,0.0,0.0,0.0,0.0,0.7537993920972644,0.0,0.15334633714066337,0.99
edge-infrastructure,7,3,pso,0.31323667981325903,1e-05,0.11728363988348159,0.5589773020343213,35,28,1.0960288823983368,1000106.8146146674,False,0.0,0.0,0.0,0.0,0.7477203647416414,0.0,0.15604001371322698,0.99
edge-infrastructure,7,4,pso,0.2914896739150092,1.889554040443056e-05,0.10392213407844193,0.3307581622854931,27,16,1.146524433685258,1000106.9255010623,False,0.0,0.0,0.0,0.0,0.7446808510638298,0.0,0.15825470209812814,0.99
edge-infrastructure,7,5,pso,0.29432125412718596,1e-05,0.24999999999999994,0.5374384031526227,44,17,1.1003657452350384,1000106.8146146674,False,0.0,0.0,0.0,0.0,0.7477203647416414,0.0,0.15604001371322698,0.99
edge-infrastructure,7,6,pso,0.3108342833428608,1e-05,0.16336492290695706,0.5779388973547823,43,16,1.0222045270423192,1000106.6796268874,False,0.0,0.0,0.0,0.0,0.7537993920972644,0.0,0.15334633714066337,0.99
edge-infrastructure,7,7,pso,0.26203670725556266,1e-05,0.2190428743300438,0.5559465826862432,31,16,1.0998184342865631,1000106.6122003424,False,0.0,0.0,0.0,0.0,0.7598784194528876,0.0,0.1520038852662966,0.99
edge-infrastructure,7,8,pso,0.23804584282700278,1e-05,0.09089794598260546,0.6,36,16,1.1743935950758362,1000106.9455336757,False,0.0,0.1111111111111111,0.0,0.1111111111111111,0.7598784194528876,0.0,0.1520038852662966,0.99
edge-infrastructure,8,1,pso,0.32416428940978065,1.0837550983033332e-05,0.1482087765704856,0.5513266315051469,33,16,1.106007647226259,1000106.8146146674,False,0.0,0.0,0.0,0.0,0.7477203647416414,0.0,0.15604001371322698,0.99
edge-infrastructure,8,2,pso,0.34330262395258576,1e-05,0.11107538648363652,0.5603494554367454,36,16,1.378428584651149,1000106.8146146674,False,0.0,0.0,0.0,0.0,0.7477203647416414,0.0,0.15604001371322698,0.99
edge-infrastructure,8,3,pso,0.2825011422266944,1.0552686339272169e-05,0.11287084879698928,0.5461822370251321,38,25,1.1028277311590629,1000106.6435268173,False,0.0,0.0,0.0,0.0,0.756838905775076,0.0,0.15262737525148873,0.99
edge-infrastructure,8,4,pso,0.37251434096242075,1e-05,0.07310581589189288,0.24634308033671115,34,16,1.1294529396048443,1000106.9255010623,False,0.0,0.0,0.0,0.0,0.7446808510638298,0.0,0.15825470209812814,0.99
edge-infrastructure,8,5,pso,0.3266461500669584,1e-05,0.24999999999999994,0.5598036906080261,47,19,1.0644827234565686,1000106.8146146674,False,0.0,0.0,0.0,0.0,0.7477203647416414,0.0,0.15604001371322698,0.99
edge-infrastructure,8,6,pso,0.24824753731483112,1e-05,0.1870427549275388,0.6,47,16,1.0182954712772527,1000106.9455336757,False,0.0,0.1111111111111111,0.0,0.1111111111111111,0.7598784194528876,0.0,0.1520038852662966,0.99
edge-infrastructure,8,7,pso,0.2392733601217129,1e-05,0.15994826630759096,0.558658726182456,31,16,1.0711492713220738,1000106.9455336757,False,0.0,0.1111111111111111,0.0,0.1111111111111111,0.7598784194528876,0.0,0.1520038852662966,0.99
edge-infrastructure,8,8,pso,0.24400649343422232,1e-05,0.11161344589621486,0.6,34,16,1.1342189402876164,1000106.9455336757,False,0.0,0.1111111111111111,0.0,0.1111111111111111,0.7598784194528876,0.0,0.1520038852662966,0.99
edge-infrastructure,9,1,pso,0.3496814395397603,1.04858143794428e-05,0.18911503538088997,0.5537794255250273,41,17,1.1060106505211162,1000106.8146146674,False,0.0,0.0,0.0,0.0,0.7477203647416414,0.0,0.15604001371322698,0.99
edge-infrastructure,9,2,pso,0.2841594139357476,1e-05,0.15316569216383705,0.5601308372795931,35,16,1.1731250960801387,1000106.6435268173,False,0.0,0.0,0.0,0.0,0.756838905775076,0.0,0.15262737525148873,0.99
edge-infrastructure,9,3,pso,0.24188601080474578,1.0977257416029949e-05,0.10794971368082855,0.5392208185368158,38,21,1.1083169570630766,1000106.9455336757,False,0.0,0.1111111111111111,0.0,0.1111111111111111,0.7598784194528876,0.0,0.1520038852662966,0.99
edge-infrastructure,9,4,pso,0.38329805065758904,1.3411530799826487e-05,0.07251674263146916,0.29545995293311955,26,32,1.1258662311595922,1000106.9255010623,False,0.0,0.0,0.0,0.0,0.7446808510638298,0.0,0.15825470209812814,0.99
edge-infrastructure,9,5,pso,0.3186030003117308,1e-05,0.15063038686015146,0.5444490356660872,50,36,1.0684478630728218,1000106.8146146674,False,0.0,0.0,0.0,0.0,0.7477203647416414,0.0,0.15604001371322698,0.99
edge-infrastructure,9,6,pso,0.2619999944824428,1e-05,0.1409207473616049,0.6,46,16,1.0674901983475276,1000106.9455336757,False,0.0,0.1111111111111111,0.0,0.1111111111111111,0.7598784194528876,0.0,0.1520038852662966,0.99
edge-infrastructure,9,7,pso,0.23990128420736842,1e-05,0.12666004098852812,0.5513320120229,34,16,1.0983398063063528,1000106.9455336757,False,0.0,0.1111111111111111,0.0,0.1111111111111111,0.7598784194528876,0.0,0.1520038852662966,0.99
edge-infrastructure,9,8,pso,0.29756401271653565,1e-05,0.1307676176224498,0.5854784616154405,35,27,1.1213397607100355,1000106.6435268173,False,0.0,0.0,0.0,0.0,0.756838905775076,0.0,0.15262737525148873,0.99
edge-infrastructure,10,1,pso,0.2551706420310574,1.0367752169946334e-05,0.08136603958190108,0.5518102342399682,43,24,1.1059886939996764,1000106.6122003424,False,0.0,0.0,0.0,0.0,0.7598784194528876,0.0,0.1520038852662966,0.99
edge-infrastructure,10,2,pso,0.22217969550053407,1.0172473470094208e-05,0.17643885785907515,0.5552104659476891,36,16,1.0,1000106.9455336757,False,0.0,0.1111111111111111,0.0,0.1111111111111111,0.7598784194528876,0.0,0.1520038852662966,0.99
edge-infrastructure,10,3,pso,0.2691076950841212,1.0940751642701439e-05,0.11407288324788395,0.541949295677698,37,20,1.107990147108903,1000106.6435268173,False,0.0,0.0,0.0,0.0,0.756838905775076,0.0,0.15262737525148873,0.99
edge-infrastructure,10,4,pso,0.38113847355956676,1.6754710494720782e-05,0.0980141997956915,0.344726634884236,21,128,1.1770230159223196,1000106.9255010623,False,0.0,0.0,0.0,0.0,0.7446808510638298,0.0,0.15825470209812814,0.99
edge-infrastructure,10,5,pso,0.24120846420466116,0.0001630310142639037,0.08881473454117657,0.5320081320377728,34,32,1.115790664129064,1000106.6122003424,False,0.0,0.0,0.0,0.0,0.7598784194528876,0.0,0.1520038852662966,0.99
edge-infrastructure,10,6,pso,0.314581720488613,1e-05,0.0877082770199752,0.5274612816569423,34,16,1.0492454858025706,1000106.8146146674,False,0.0,0.0,0.0,0.0,0.7477203647416414,0.0,0.15604001371322698,0.99
edge-infrastructure,10,7,pso,0.27333757932582586,1e-05,0.1506886620213415,0.5463978204504839,35,16,1.126981203371415,1000106.6435268173,False,0.0,0.0,0.0,0.0,0.756838905775076,0.0,0.15262737525148873,0.99
edge-infrastructure,10,8,pso,0.27658308743052407,1e-05,0.1373931689940253,0.5371999646806432,37,33,1.1027797422476837,1000106.6435268173,False,0.0,0.0,0.0,0.0,0.756838905775076,0.0,0.15262737525148873,0.99
smart-plug,0,0,conservative,0.25,1e-05,0.05,0.25,32,64,1.3,1000013.7234501705,False,0.0,0.001984126984126984,0.0,0.013888888888888888,0.3218390804597701,0.0,0.007719413919413918,0.13285714285714284
smart-plug,1,1,pso,0.23606084656738668,0.00026692038854980125,0.11682538551855416,0.4964310218552838,37,103,1.4776679826760268,1000013.7393231863,False,0.0,0.00992063492063492,0.0,0.013888888888888888,0.3218390804597701,0.0,0.007719413919413918,0.13285714285714284
smart-plug,1,2,pso,0.25029730080494716,0.00012668928730197955,0.08677691212011927,0.39510730641947306,55,97,1.3174110448834278,1000013.7353549324,False,0.0,0.007936507936507936,0.0,0.013888888888888888,0.3218390804597701,0.0,0.007719413919413918,0.13285714285714284
smart-plug,1,3,pso,0.6804551544199526,0.0001841422919931205,0.13610606612456153,0.5259022786450371,43,21,1.0329323901925886,1000013.7055930276,False,0.0,0.0,0.0,0.0,0.3218390804597701,0.0,0.007719413919413918,0.13285714285714284
smart-plug,1,4,pso,0.06917668036675617,0.0007861622439716405,0.01152431234512995,0.43511373345677157,32,57,1.0923550808890277,1000006.4479857689,False,0.003968253968253968,0.013888888888888888,0.013888888888888888,0.013888888888888888,0.3275862068965517,0.0,0.003723809523809522,0.061428571428571416
smart-plug,1,5,pso,0.06669179027283494,2.179830441669497e-05,0.12227343920955684,0.1460167886261658,48,95,1.3137319699075185,1000013.7472596943,False,0.0,0.013888888888888888,0.0,0.013888888888888888,0.3218390804597701,0.0,0.007719413919413918,0.13285714285714284
smart-plug,1,6,pso,0.6737267096363392,0.00010176455003200384,0.011208471579554857,0.3224766439199096,19,30,1.5954958945502302,1000013.7055930276,False,0.0,0.0,0.0,0.0,0.3218390804597701,0.0,0.007719413919413918,0.13285714285714284
smart-plug,1,7,pso,0.13198473799271365,0.0007382728466583716,0.019679521788484422,0.05746365323169707,63,97,1.4242917548322316,1000013.7393231863,False,0.0,0.00992063492063492,0.0,0.013888888888888888,0.3218390804597701,0.0,0.007719413919413918,0.13285714285714284
smart-plug,1,8,pso,0.4586651374345,7.266461554797039e-05,0.040731539323002774,0.2562161759351065,57,51,1.2043331255583065,1000013.7055930276,False,0.0,0.0,0.0,0.0,0.3218390804597701,0.0,0.007719413919413918,0.13285714285714284
smart-plug,2,1,pso,0.06208500520042502,0.001171881570042956,0.056330918593162436,0.3773298615319451,35,55,1.1910734629181667,1000006.4559222768,False,0.005952380952380952,0.013888888888888888,0.013888888888888888,0.013888888888888888,0.3275862068965517,0.0,0.003723809523809522,0.061428571428571416
smart-plug,2,2,pso,0.10745350218408183,0.0008413329320282691,0.02071369812102321,0.4782024422223573,43,90,1.0279674088254513,1000013.7472596943,False,0.0,0.013888888888888888,0.0,0.013888888888888888,0.3218390804597701,0.0,0.007719413919413918,0.13285714285714284
smart-plug,2,3,pso,0.21319361071743936,0.0011184240733518732,0.01,0.4624137239180674,32,72,1.0122887347052751,1000013.7393231863,False,0.0,0.00992063492063492,0.0,0.013888888888888888,0.3218390804597701,0.0,0.007719413919413918,0.13285714285714284
smart-plug,2,4,pso,0.07718702573060493,0.0006979488010585974,0.012125810002622448,0.44999694551149216,34,52,1.076340162647845,1000013.7472596943,False,0.0,0.013888888888888888,0.0,0.013888888888888888,0.3218390804597701,0.0,0.007719413919413918,0.13285714285714284
smart-plug,2,5,pso,0.07583717954177524,2.9009546647993015e-05,0.02380945062915589,0.3942874104597274,41,51,1.2336758249284872,1000013.7472596943,False,0.0,0.013888888888888888,0.0,0.013888888888888888,0.3218390804597701,0.0,0.007719413919413918,0.13285714285714284
smart-plug,2,6,pso,0.049999999999999996,0.00014553679298646256,0.012347251975188408,0.3050123474109658,30,46,1.4889550862476137,1000006.4559222768,False,0.005952380952380952,0.013888888888888888,0.013888888888888888,0.013888888888888888,0.3275862068965517,0.0,0.003723809523809522,0.061428571428571416
smart-plug,2,7,pso,0.10527021861927983,0.0011285331115019235,0.013830450322411631,0.429851241775495,29,45,1.0,1000013.7472596943,False,0.0,0.013888888888888888,0.0,0.013888888888888888,0.3218390804597701,0.0,0.007719413919413918,0.13285714285714284
smart-plug,2,8,pso,0.049999999999999996,0.002015197146893642,0.013451355980144634,0.4116985995497814,17,48,1.1935881886267634,1000006.4559222768,False,0.005952380952380952,0.013888888888888888,0.013888888888888888,0.013888888888888888,0.3275862068965517,0.0,0.003723809523809522,0.061428571428571416
smart-plug,3,1,pso,0.049999999999999996,0.0025122084297072625,0.011586251069434561,0.3245505357636263,29,22,1.0,1000006.4559222768,False,0.005952380952380952,0.013888888888888888,0.013888888888888888,0.013888888888888888,0.3275862068965517,0.0,0.003723809523809522,0.061428571428571416
smart-plug,3,2,pso,0.05398460464306782,0.000781001983908884,0.01,0.43645891262053216,27,46,1.1714174631245435,1000006.4559222768,False,0.005952380952380952,0.013888888888888888,0.013888888888888888,0.013888888888888888,0.3275862068965517,0.0,0.003723809523809522,0.061428571428571416
smart-plug,3,3,pso,0.08593197998651021,0.0012611787822132442,0.04929233075126901,0.3971049159078413,34,67,1.1224473200549627,1000013.7472596943,False,0.0,0.013888888888888888,0.0,0.013888888888888888,0.3218390804597701,0.0,0.007719413919413918,0.13285714285714284
smart-plug,3,4,pso,0.07654693701084635,0.0008081880610163234,0.011702817261997981,0.4320557414427607,32,53,1.0763784567393806,1000013.7472596943,False,0.0,0.013888888888888888,0.0,0.013888888888888888,0.3218390804597701,0.0,0.007719413919413918,0.13285714285714284
smart-plug,3,5,pso,0.06387096376444638,6.793274448436833e-05,0.01,0.3899599362885661,37,82,1.1760080384029508,1000006.4479857689,False,0.003968253968253968,0.013888888888888888,0.013888888888888888,0.013888888888888888,0.3275862068965517,0.0,0.003723809523809522,0.061428571428571416
smart-plug,3,6,pso,0.049999999999999996,0.001887170632345048,0.01227003809624938,0.34281120793395237,40,61,1.026489235124058,1000006.4559222768,False,0.005952380952380952,0.013888888888888888,0.013888888888888888,0.013888888888888888,0.3275862068965517,0.0,0.003723809523809522,0.061428571428571416
smart-plug,3,7,pso,0.09040711826711154,0.0010873844745893366,0.017897553911327732,0.23055723917344018,21,50,1.0,1000013.7472596943,False,0.0,0.013888888888888888,0.0,0.013888888888888888,0.3218390804597701,0.0,0.007719413919413918,0.13285714285714284
smart-plug,3,8,pso,0.049999999999999996,0.004999999999999999,0.01,0.5319915284511466,8,53,1.1680567875071204,1000006.4559222768,False,0.005952380952380952,0.013888888888888888,0.013888888888888888,0.013888888888888888,0.3275862068965517,0.0,0.003723809523809522,0.061428571428571416
smart-plug,4,1,pso,0.049999999999999996,0.00040159611379603265,0.01,0.3788690149470004,31,80,1.0241852303559238,1000006.4559222768,False,0.005952380952380952,0.013888888888888888,0.013888888888888888,0.013888888888888888,0.3275862068965517,0.0,0.003723809523809522,0.061428571428571416
smart-plug,4,2,pso,0.049999999999999996,0.000747601894903834,0.01,0.4061123824236097,20,22,1.1696002491407937,1000006.4559222768,False,0.005952380952380952,0.013888888888888888,0.013888888888888888,0.013888888888888888,0.3275862068965517,0.0,0.003723809523809522,0.061428571428571416
smart-plug,4,3,pso,0.049999999999999996,0.0001110971949951199,0.04847862630165955,0.41815146258842223,48,16,1.1767838422410197,1000006.4559222768,False,0.005952380952380952,0.013888888888888888,0.013888888888888888,0.013888888888888888,0.3275862068965517,0.0,0.003723809523809522,0.061428571428571416
smart-plug,4,4,pso,0.0732119024848368,0.0008457354684122069,0.011069942280173427,0.4278254971860681,29,63,1.0940948122809928,1000013.7472596943,False,0.0,0.013888888888888888,0.0,0.013888888888888888,0.3218390804597701,0.0,0.007719413919413918,0.13285714285714284
smart-plug,4,5,pso,0.059983602445109134,0.002061375558332032,0.01,0.4356249283037813,32,71,1.1117094380571226,1000006.4559222768,False,0.005952380952380952,0.013888888888888888,0.013888888888888888,0.013888888888888888,0.3275862068965517,0.0,0.003723809523809522,0.061428571428571416
smart-plug,4,6,pso,0.049999999999999996,0.004999999999999999,0.011586206406921871,0.35790775767839333,28,66,1.122546572292864,1000006.4559222768,False,0.005952380952380952,0.013888888888888888,0.013888888888888888,0.013888888888888888,0.3275862068965517,0.0,0.003723809523809522,0.061428571428571416
smart-plug,4,7,pso,0.06226519536408369,0.0005893087360180768,0.02006656838949347,0.1407288322470465,64,87,1.0,1000013.7472596943,False,0.0,0.013888888888888888,0.0,0.013888888888888888,0.3218390804597701,0.0,0.007719413919413918,0.13285714285714284
smart-plug,4,8,pso,0.049999999999999996,0.0008392438647620195,0.01,0.4319971346723758,8,59,1.123301263080196,1000006.4559222768,False,0.005952380952380952,0.013888888888888888,0.013888888888888888,0.013888888888888888,0.3275862068965517,0.0,0.003723809523809522,0.061428571428571416
smart-plug,5,1,pso,0.06658372797148215,0.0008578665327593957,0.031585328573135577,0.44709321698489873,32,94,1.1765692417664342,1000006.4559222768,False,0.005952380952380952,0.013888888888888888,0.013888888888888888,0.013888888888888888,0.3275862068965517,0.0,0.003723809523809522,0.061428571428571416
smart-plug,5,2,pso,0.05491816995976463,0.000765520366679896,0.01,0.4418178569799259,25,78,1.0681283346615347,1000006.4559222768,False,0.005952380952380952,0.013888888888888888,0.013888888888888888,0.013888888888888888,0.3275862068965517,0.0,0.003723809523809522,0.061428571428571416
smart-plug,5,3,pso,0.049999999999999996,2.86312277448749e-05,0.01,0.45669665593589004,42,22,1.1452863406168972,1000006.4559222768,False,0.005952380952380952,0.013888888888888888,0.013888888888888888,0.013888888888888888,0.3275862068965517,0.0,0.003723809523809522,0.061428571428571416
smart-plug,5,4,pso,0.06461190765831075,0.0007488492024762654,0.011064762555718064,0.4408837339020814,32,63,1.1041801236928792,1000006.4559222768,False,0.005952380952380952,0.013888888888888888,0.013888888888888888,0.013888888888888888,0.3275862068965517,0.0,0.003723809523809522,0.061428571428571416
smart-plug,5,5,pso,0.06544230822110061,0.00014295036515306401,0.01,0.4189984402239793,32,66,1.1364603490710505,1000006.4559222768,False,0.005952380952380952,0.013888888888888888,0.013888888888888888,0.013888888888888888,0.3275862068965517,0.0,0.003723809523809522,0.061428571428571416
smart-plug,5,6,pso,0.049999999999999996,0.00047697114319554773,0.012055448385758902,0.40042577588081013,25,41,1.4570424460591438,1000006.4559222768,False,0.005952380952380952,0.013888888888888888,0.013888888888888888,0.013888888888888888,0.3275862068965517,0.0,0.003723809523809522,0.061428571428571416
smart-plug,5,7,pso,0.11402370461229408,0.0005257605743156869,0.011087621866359164,0.2297173895873561,64,122,1.5461813753090414,1000013.7472596943,False,0.0,0.013888888888888888,0.0,0.013888888888888888,0.3218390804597701,0.0,0.007719413919413918,0.13285714285714284
smart-plug,5,8,pso,0.049999999999999996,0.0005985517743414805,0.01492529562112286,0.34029594038614086,8,56,1.1688965872683041,1000006.4559222768,False,0.005952380952380952,0.013888888888888888,0.013888888888888888,0.013888888888888888,0.3275862068965517,0.0,0.003723809523809522,0.061428571428571416
smart-plug,6,1,pso,0.0829574218439742,0.0022319371116062384,0.04304423411076154,0.45480336235569135,33,91,1.3007503932189217,1000013.7472596943,False,0.0,0.013888888888888888,0.0,0.013888888888888888,0.3218390804597701,0.0,0.007719413919413918,0.13285714285714284
smart-plug,6,2,pso,0.07890889391343488,0.0008178312351051363,0.01,0.4530503141528787,30,104,1.047903523387333,1000013.7472596943,False,0.0,0.013888888888888888,0.0,0.013888888888888888,0.3218390804597701,0.0,0.007719413919413918,0.13285714285714284
smart-plug,6,3,pso,0.06303964974465706,2.803635927273846e-05,0.01,0.45806340739741014,36,27,1.095172264832732,1000006.4559222768,False,0.005952380952380952,0.013888888888888888,0.013888888888888888,0.013888888888888888,0.3275862068965517,0.0,0.003723809523809522,0.061428571428571416
smart-plug,6,4,pso,0.06273569216209508,0.0007328954158833992,0.01156792444662705,0.44231233681645393,33,56,1.1000173491959115,1000006.4559222768,False,0.005952380952380952,0.013888888888888888,0.013888888888888888,0.013888888888888888,0.3275862068965517,0.0,0.003723809523809522,0.061428571428571416
smart-plug,6,5,pso,0.07175100937772436,2.4249541981136096e-05,0.01,0.4040331000804255,36,73,1.1472264963215428,1000013.7472596943,False,0.0,0.013888888888888888,0.0,0.013888888888888888,0.3218390804597701,0.0,0.007719413919413918,0.13285714285714284
smart-plug,6,6,pso,0.07360400351232789,2.7649618575285912e-05,0.012131120164077226,0.3587202515654385,32,32,1.5042277689622172,1000013.7472596943,False,0.0,0.013888888888888888,0.0,0.013888888888888888,0.3218390804597701,0.0,0.007719413919413918,0.13285714285714284
smart-plug,6,7,pso,0.1750269785275693,0.001145546662247994,0.01,0.3715649463564995,51,25,1.3683268580453989,1000013.7393231863,False,0.0,0.00992063492063492,0.0,0.013888888888888888,0.3218390804597701,0.0,0.007719413919413918,0.13285714285714284
smart-plug,6,8,pso,0.049999999999999996,0.001024703279094723,0.014484166754976057,0.3637963013033767,29,55,1.1542719059148092,1000006.4559222768,False,0.005952380952380952,0.013888888888888888,0.013888888888888888,0.013888888888888888,0.3275862068965517,0.0,0.003723809523809522,0.061428571428571416
smart-plug,7,1,pso,0.06822924906175735,0.0014796825331409747,0.016103334283140962,0.39250755861614534,34,45,1.1995896618012396,1000013.7472596943,False,0.0,0.013888888888888888,0.0,0.013888888888888888,0.3218390804597701,0.0,0.007719413919413918,0.13285714285714284
smart-plug,7,2,pso,0.08507365627101086,0.0007680801170212375,0.01,0.43785132040351954,34,50,1.0941651693471905,1000013.7472596943,False,0.0,0.013888888888888888,0.0,0.013888888888888888,0.3218390804597701,0.0,0.007719413919413918,0.13285714285714284
smart-plug,7,3,pso,0.05376585650054126,0.00034682728897345407,0.0603883570343335,0.4063103930999332,43,46,1.0985371502808365,1000006.4559222768,False,0.005952380952380952,0.013888888888888888,0.013888888888888888,0.013888888888888888,0.3275862068965517,0.0,0.003723809523809522,0.061428571428571416
smart-plug,7,4,pso,0.07092198546466381,0.0008655617103945411,0.01183515054856198,0.43302160568159803,31,54,1.0954879234359103,1000013.78297398,False,0.001984126984126984,0.013888888888888888,0.013888888888888888,0.013888888888888888,0.3218390804597701,0.0,0.007719413919413918,0.13285714285714284
smart-plug,7,5,pso,0.07230295105008885,1.4625773086376035e-05,0.01,0.41638853706948287,36,58,1.1184093406979696,1000013.7472596943,False,0.0,0.013888888888888888,0.0,0.013888888888888888,0.3218390804597701,0.0,0.007719413919413918,0.13285714285714284
smart-plug,7,6,pso,0.07526501754594894,1.6587882359089296e-05,0.012306338506913738,0.3646659079402018,34,32,1.474397036212392,1000013.7472596943,False,0.0,0.013888888888888888,0.0,0.013888888888888888,0.3218390804597701,0.0,0.007719413919413918,0.13285714285714284
smart-plug,7,7,pso,0.054569226580798734,0.000981236598064667,0.013894379293954035,0.09096699303081618,36,16,1.177425039025797,1000013.7472596943,False,0.0,0.013888888888888888,0.0,0.013888888888888888,0.3218390804597701,0.0,0.007719413919413918,0.13285714285714284
smart-plug,7,8,pso,0.049999999999999996,0.001172608051074339,0.011470770013245543,0.41653128086006086,39,49,1.1061916267049432,1000006.4559222768,False,0.005952380952380952,0.013888888888888888,0.013888888888888888,0.013888888888888888,0.3275862068965517,0.0,0.003723809523809522,0.061428571428571416
smart-plug,8,1,pso,0.052338331800352564,0.00044522161901771495,0.01085693917859205,0.3431773157466186,34,29,1.0730352506809475,1000006.4559222768,False,0.005952380952380952,0.013888888888888888,0.013888888888888888,0.013888888888888888,0.3275862068965517,0.0,0.003723809523809522,0.061428571428571416
smart-plug,8,2,pso,0.06919274775114988,0.0007655673613060632,0.01010828017912214,0.4222975559670393,35,16,1.153970917028039,1000006.440049261,False,0.001984126984126984,0.013888888888888888,0.013888888888888888,0.013888888888888888,0.3275862068965517,0.0,0.003723809523809522,0.061428571428571416
smart-plug,8,3,pso,0.049999999999999996,0.0015355562860297474,0.041132062629178616,0.3935774142821738,46,58,1.1789135262707298,1000006.4559222768,False,0.005952380952380952,0.013888888888888888,0.013888888888888888,0.013888888888888888,0.3275862068965517,0.0,0.003723809523809522,0.061428571428571416
smart-plug,8,4,pso,0.07378827584031464,0.0008207153535167919,0.011740802154698735,0.42971711332253987,30,56,1.0899092317416008,1000013.7472596943,False,0.0,0.013888888888888888,0.0,0.013888888888888888,0.3218390804597701,0.0,0.007719413919413918,0.13285714285714284
smart-plug,8,5,pso,0.0673503961467213,2.8751805328561538e-05,0.01,0.4069147741865215,35,77,1.1730980791872088,1000006.440049261,False,0.001984126984126984,0.013888888888888888,0.013888888888888888,0.013888888888888888,0.3275862068965517,0.0,0.003723809523809522,0.061428571428571416
smart-plug,8,6,pso,0.07381576904272834,0.0038800685656282313,0.01186991621512722,0.3547866379792727,33,56,1.2932331232123304,1000013.7472596943,False,0.0,0.013888888888888888,0.0,0.013888888888888888,0.3218390804597701,0.0,0.007719413919413918,0.13285714285714284
smart-plug,8,7,pso,0.049999999999999996,0.0005749439866317945,0.029055115041148955,0.11849437847344345,56,35,1.306678928439355,1000013.7472596943,False,0.0,0.013888888888888888,0.0,0.013888888888888888,0.3218390804597701,0.0,0.007719413919413918,0.13285714285714284
smart-plug,8,8,pso,0.07602559781671579,0.0013819877941325881,0.01154843984281774,0.4652372572998602,11,50,1.1507662277092388,1000013.78297398,False,0.001984126984126984,0.013888888888888888,0.013888888888888888,0.013888888888888888,0.3218390804597701,0.0,0.007719413919413918,0.13285714285714284
smart-plug,9,1,pso,0.07702116863788708,0.00025722367929215107,0.014114967142109015,0.35916745841096576,37,39,1.1461023449989747,1000013.7472596943,False,0.0,0.013888888888888888,0.0,0.013888888888888888,0.3218390804597701,0.0,0.007719413919413918,0.13285714285714284
smart-plug,9,2,pso,0.05987512222142022,0.000763813325057272,0.010184773165308393,0.411409920861503,36,16,1.195834940404633,1000006.4559222768,False,0.005952380952380952,0.013888888888888888,0.013888888888888888,0.013888888888888888,0.3275862068965517,0.0,0.003723809523809522,0.061428571428571416
smart-plug,9,3,pso,0.0714783327386072,7.591135752783565e-05,0.03031858792779491,0.40326169691384445,36,17,1.2217355602859281,1000013.7472596943,False,0.0,0.013888888888888888,0.0,0.013888888888888888,0.3218390804597701,0.0,0.007719413919413918,0.13285714285714284
smart-plug,9,4,pso,0.0685206160640759,0.0007404159061646603,0.010919837015805487,0.43089786737910396,32,58,1.1282336744806887,1000006.4479857689,False,0.003968253968253968,0.013888888888888888,0.013888888888888888,0.013888888888888888,0.3275862068965517,0.0,0.003723809523809522,0.061428571428571416
smart-plug,9,5,pso,0.0647129585739369,0.0018702292746254003,0.01,0.4042616687531677,35,36,1.2043051364965625,1000006.4559222768,False,0.005952380952380952,0.013888888888888888,0.013888888888888888,0.013888888888888888,0.3275862068965517,0.0,0.003723809523809522,0.061428571428571416
smart-plug,9,6,pso,0.049999999999999996,0.004999999999999999,0.010954617918630135,0.4080214376258672,31,55,1.0356441528455598,1000006.4559222768,False,0.005952380952380952,0.013888888888888888,0.013888888888888888,0.013888888888888888,0.3275862068965517,0.0,0.003723809523809522,0.061428571428571416
smart-plug,9,7,pso,0.13830433243298082,0.0007515454665053555,0.01,0.3288569508970675,64,123,1.226905019801347,1000013.7472596943,False,0.0,0.013888888888888888,0.0,0.013888888888888888,0.3218390804597701,0.0,0.007719413919413918,0.13285714285714284
smart-plug,9,8,pso,0.09479673130116847,0.0015719046533491335,0.012368470231080033,0.4552527997635179,8,22,1.2015432605120229,1000013.7472596943,False,0.0,0.013888888888888888,0.0,0.013888888888888888,0.3218390804597701,0.0,0.007719413919413918,0.13285714285714284
smart-plug,10,1,pso,0.07908786269574546,0.0004095329062311168,0.03362643363370234,0.4161678386682261,36,28,1.224803274563443,1000013.7472596943,False,0.0,0.013888888888888888,0.0,0.013888888888888888,0.3218390804597701,0.0,0.007719413919413918,0.13285714285714284
smart-plug,10,2,pso,0.0689557262254432,0.0007657367968552913,0.010052207462932799,0.4309261826356934,36,16,1.143153180636245,1000006.4479857689,False,0.003968253968253968,0.013888888888888888,0.013888888888888888,0.013888888888888888,0.3275862068965517,0.0,0.003723809523809522,0.061428571428571416
smart-plug,10,3,pso,0.08368693660908912,3.8659234914413595e-05,0.030629019299997406,0.41666645249755535,44,16,1.2127127975543546,1000013.7472596943,False,0.0,0.013888888888888888,0.0,0.013888888888888888,0.3218390804597701,0.0,0.007719413919413918,0.13285714285714284
smart-plug,10,4,pso,0.06635640027137689,0.0007244976975875511,0.010746441280108272,0.43638215604172836,37,24,1.144438710706277,1000006.4559222768,False,0.005952380952380952,0.013888888888888888,0.013888888888888888,0.013888888888888888,0.3275862068965517,0.0,0.003723809523809522,0.061428571428571416
smart-plug,10,5,pso,0.0677238634637123,0.0024056190873240693,0.01,0.42782735290427437,35,16,1.1900458120117627,1000006.4559222768,False,0.005952380952380952,0.013888888888888888,0.013888888888888888,0.013888888888888888,0.3275862068965517,0.0,0.003723809523809522,0.061428571428571416
smart-plug,10,6,pso,0.049999999999999996,0.004999999999999999,0.011951846319304306,0.4379593535888704,34,30,1.3819127697596025,1000006.4559222768,False,0.005952380952380952,0.013888888888888888,0.013888888888888888,0.013888888888888888,0.3275862068965517,0.0,0.003723809523809522,0.061428571428571416
smart-plug,10,7,pso,0.1936366752781035,0.0009243337763502009,0.01,0.3393383502732965,38,128,1.2090249972705691,1000013.7393231863,False,0.0,0.00992063492063492,0.0,0.013888888888888888,0.3218390804597701,0.0,0.007719413919413918,0.13285714285714284
smart-plug,10,8,pso,0.06061709509644155,0.0011945302294565252,0.012199317220233541,0.37925779019091577,19,21,1.178897559931056,1000006.4559222768,False,0.005952380952380952,0.013888888888888888,0.013888888888888888,0.013888888888888888,0.3275862068965517,0.0,0.003723809523809522,0.061428571428571416
network-device,0,0,conservative,0.25,1e-05,0.05,0.25,32,64,1.3,1000108.0755564962,False,0.1736111111111111,0.006944444444444444,0.3055555555555556,0.013888888888888888,0.8112244897959183,0.0,0.15465568774578722,0.99
network-device,1,1,pso,0.5808222947424302,1.6159681560802674e-05,0.024045630376338722,0.39201776523537313,60,26,1.3775378600367774,1000107.3956521447,False,0.006944444444444444,0.3333333333333333,0.013888888888888888,0.5555555555555556,0.8333333333333334,0.0,0.14219082067465413,0.99
network-device,1,2,pso,0.4084257884751855,0.00024008813502391524,0.11126764256466541,0.5342703126834151,36,105,1.0331033735222246,1000108.3548292688,False,0.19444444444444445,0.006944444444444444,0.3472222222222222,0.013888888888888888,0.8078231292517006,0.0,0.15690440850602116,0.99
network-device,1,3,pso,0.36135914869186986,0.0012191055020968078,0.01238571212700334,0.10778253884336811,30,53,1.1510110765516337,1000106.2567632558,False,0.006944444444444444,0.020833333333333332,0.013888888888888888,0.041666666666666664,0.8333333333333334,0.0,0.14219082067465413,0.99
network-device,1,4,pso,0.4901505145512218,1.0449263086840793e-05,0.01791309065009684,0.4010614400587694,35,72,1.4085671997428766,1000107.5027123922,False,0.006944444444444444,0.1875,0.013888888888888888,0.3611111111111111,0.8129251700680272,0.0,0.15403383968050208,0.99
network-device,1,5,pso,0.058115317486292395,0.0009562611018070391,0.0819008392212517,0.5450010087412485,43,127,1.2983611082440105,1000108.396645177,False,0.5069444444444444,0.08333333333333333,0.5555555555555556,0.1527777777777778,0.8622448979591837,0.0,0.11862848177353953,0.99
network-device,1,6,pso,0.35190594585931856,1.3071140416453493e-05,0.02304857829589741,0.14516018724181645,39,66,1.1156797434393004,1000107.0067632559,False,0.006944444444444444,0.22916666666666666,0.013888888888888888,0.375,0.8333333333333334,0.0,0.14219082067465413,0.99
network-device,1,7,pso,0.17549982124045943,2.270396469630383e-05,0.04273927259998446,0.5762113885821042,37,66,1.2904396387523938,1000107.625200332,False,0.2013888888888889,0.006944444444444444,0.3611111111111111,0.013888888888888888,0.8367346938775511,0.0,0.14122963022393384,0.99
network-device,1,8,pso,0.0977169362010626,0.0003599514447477572,0.01663765550288457,0.10491080026225258,36,31,1.4066129038787425,1000107.9269673894,False,0.19444444444444445,0.006944444444444444,0.3472222222222222,0.013888888888888888,0.8248299319727891,0.0,0.1483641777207246,0.99
network-device,2,1,pso,0.5214428282524903,2.4326794335888553e-05,0.010171402648461158,0.1301796567449872,59,41,1.3460437756495465,1000105.9086077334,False,0.006944444444444444,0.006944444444444444,0.013888888888888888,0.013888888888888888,0.8418367346938775,0.0,0.13634732473969477,0.99
network-device,2,2,pso,0.3392207529379111,0.0005490396801989922,0.032568052928833864,0.16337715769067698,29,66,1.1455069735926655,1000106.7706521448,False,0.006944444444444444,0.16666666666666666,0.013888888888888888,0.2638888888888889,0.8333333333333334,0.0,0.14219082067465413,0.99
network-device,2,3,pso,0.33091788604018035,0.001211131434866164,0.015040196375060601,0.11688511149593836,33,48,1.1445495048189078,1000106.853985478,False,0.006944444444444444,0.1875,0.013888888888888888,0.3055555555555556,0.8333333333333334,0.0,0.14219082067465413,0.99
network-device,2,4,pso,0.3879817737144246,5.946633220786852e-05,0.01458951504528718,0.05,31,46,1.2072897982946997,1000105.9086077334,False,0.006944444444444444,0.006944444444444444,0.013888888888888888,0.013888888888888888,0.8418367346938775,0.0,0.13634732473969477,0.99
network-device,2,5,pso,0.7500000000000001,0.0010460194380555858,0.06808955525701618,0.31081191392024865,39,124,1.2724596357061488,1000105.9086077334,False,0.006944444444444444,0.006944444444444444,0.013888888888888888,0.013888888888888888,0.8418367346938775,0.0,0.13634732473969477,0.99
network-device,2,6,pso,0.2952162970230296,0.0015649852011630216,0.025858684723933677,0.080136401237441,29,60,1.1363106388867485,1000106.8262077003,False,0.006944444444444444,0.19444444444444445,0.013888888888888888,0.2638888888888889,0.8333333333333334,0.0,0.14219082067465413,0.99
network-device,2,7,pso,0.230440171994701,0.0045325209567797595,0.04369790019432953,0.3271838231841696,34,61,1.1822210626917222,1000108.2437181576,False,0.18055555555555555,0.006944444444444444,0.3194444444444444,0.013888888888888888,0.8078231292517006,0.0,0.15690440850602116,0.99
network-device,2,8,pso,0.24389097992954573,0.0008441042717947178,0.010796982318167,0.09430542744842438,34,45,1.0071296049836065,1000106.938162602,False,0.006944444444444444,0.006944444444444444,0.013888888888888888,0.013888888888888888,0.8078231292517006,0.0,0.15690440850602116,0.99
network-device,3,1,pso,0.48352740414592704,3.2392266968641534e-05,0.01,0.05,58,52,1.323997916578485,1000105.9086077334,False,0.006944444444444444,0.006944444444444444,0.013888888888888888,0.013888888888888888,0.8418367346938775,0.0,0.13634732473969477,0.99
network-device,3,2,pso,0.4185308791128399,0.00024762135165609704,0.01,0.05,53,16,1.4980293195491567,1000105.9086077334,False,0.006944444444444444,0.006944444444444444,0.013888888888888888,0.013888888888888888,0.8418367346938775,0.0,0.13634732473969477,0.99
network-device,3,3,pso,0.4594475165866773,0.0001937335069197158,0.010947661493492284,0.1271903887945255,40,44,1.2567109131791117,1000105.9086077334,False,0.006944444444444444,0.006944444444444444,0.013888888888888888,0.013888888888888888,0.8418367346938775,0.0,0.13634732473969477,0.99
network-device,3,4,pso,0.48529470306182354,5.686690263067276e-05,0.01,0.05,33,22,1.2470674792803238,1000105.9086077334,False,0.006944444444444444,0.006944444444444444,0.013888888888888888,0.013888888888888888,0.8418367346938775,0.0,0.13634732473969477,0.99
network-device,3,5,pso,0.7500000000000001,0.0004854207967610909,0.04314569976501808,0.09208756297066314,48,35,1.3232399085499547,1000105.3154363751,False,0.006944444444444444,0.006944444444444444,0.013888888888888888,0.013888888888888888,0.8622448979591837,0.0,0.12450430573384681,0.99
network-device,3,6,pso,0.30738342285675874,0.004999999999999999,0.01,0.0886019838349207,56,36,1.188815447267293,1000107.3400965892,False,0.006944444444444444,0.3194444444444444,0.013888888888888888,0.5277777777777778,0.8333333333333334,0.0,0.14219082067465413,0.99
network-device,3,7,pso,0.383582106659371,1e-05,0.02788647514443347,0.15491245828292044,36,34,1.4633324924421973,1000106.3123188115,False,0.006944444444444444,0.034722222222222224,0.013888888888888888,0.06944444444444445,0.8333333333333334,0.0,0.14219082067465413,0.99
network-device,3,8,pso,0.6614590123480635,1.0406258353418858e-05,0.01,0.09258750029256806,50,52,1.1843307336165936,1000105.3154363751,False,0.006944444444444444,0.006944444444444444,0.013888888888888888,0.013888888888888888,0.8622448979591837,0.0,0.12450430573384681,0.99
network-device,4,1,pso,0.7500000000000001,0.0016215296660731379,0.011098053010406105,0.06882293668469117,56,34,1.3105201527492993,1000105.9086077334,False,0.006944444444444444,0.006944444444444444,0.013888888888888888,0.013888888888888888,0.8418367346938775,0.0,0.13634732473969477,0.99
network-device,4,2,pso,0.7500000000000001,0.00017133385229505167,0.01,0.05,63,16,1.5418265482771512,1000106.1531511751,False,0.006944444444444444,0.006944444444444444,0.013888888888888888,0.013888888888888888,0.8350340136054422,0.0,0.1412313908500927,0.99
network-device,4,3,pso,0.7500000000000001,0.00011183623475225704,0.01448044760272978,0.10754011625413352,51,33,1.4178607650336281,1000105.3154363751,False,0.006944444444444444,0.006944444444444444,0.013888888888888888,0.013888888888888888,0.8622448979591837,0.0,0.12450430573384681,0.99
network-device,4,4,pso,0.7500000000000001,7.082628435377478e-05,0.01529975309466717,0.05,39,30,1.3320891693982255,1000106.1531511751,False,0.006944444444444444,0.006944444444444444,0.013888888888888888,0.013888888888888888,0.8350340136054422,0.0,0.1412313908500927,0.99
network-device,4,5,pso,0.7500000000000001,0.00028361122476877094,0.03134999174041696,0.05,55,16,1.358786099540619,1000106.1531511751,False,0.006944444444444444,0.006944444444444444,0.013888888888888888,0.013888888888888888,0.8350340136054422,0.0,0.1412313908500927,0.99
network-device,4,6,pso,0.6131939464038862,0.001575967340246395,0.032760353514593915,0.0866485888491039,59,50,1.29427227599441,1000105.3154363751,False,0.006944444444444444,0.006944444444444444,0.013888888888888888,0.013888888888888888,0.8622448979591837,0.0,0.12450430573384681,0.99
network-device,4,7,pso,0.6836054224935878,1e-05,0.021979443353149292,0.05,40,17,1.5523439599197166,1000105.9086077334,False,0.006944444444444444,0.006944444444444444,0.013888888888888888,0.013888888888888888,0.8418367346938775,0.0,0.13634732473969477,0.99
network-device,4,8,pso,0.7500000000000001,1e-05,0.01,0.09080559673808716,59,42,1.4885089755599594,1000105.3154363751,False,0.006944444444444444,0.006944444444444444,0.013888888888888888,0.013888888888888888,0.8622448979591837,0.0,0.12450430573384681,0.99
network-device,5,1,pso,0.7500000000000001,5.182409736433908e-05,0.0731620616148444,0.1789576755412322,56,31,1.361175834676648,1000105.3154363751,False,0.006944444444444444,0.006944444444444444,0.013888888888888888,0.013888888888888888,0.8622448979591837,0.0,0.12450430573384681,0.99
network-device,5,2,pso,0.7500000000000001,0.0005954909092262938,0.012764086965276058,0.05,55,16,1.2911534407426801,1000106.1531511751,False,0.006944444444444444,0.006944444444444444,0.013888888888888888,0.013888888888888888,0.8350340136054422,0.0,0.1412313908500927,0.99
network-device,5,3,pso,0.7500000000000001,0.00023062356393461347,0.02541943810233169,0.08579552503492548,55,27,1.4797933817855906,1000105.3154363751,False,0.006944444444444444,0.006944444444444444,0.013888888888888888,0.013888888888888888,0.8622448979591837,0.0,0.12450430573384681,0.99
network-device,5,4,pso,0.6187450043497315,0.000612211388259542,0.07486799137674474,0.05,35,44,1.3756751485417837,1000105.3154363751,False,0.006944444444444444,0.006944444444444444,0.013888888888888888,0.013888888888888888,0.8622448979591837,0.0,0.12450430573384681,0.99
network-device,5,5,pso,0.7500000000000001,0.00027802666980313197,0.0321985098763316,0.05,50,16,1.3706483935023426,1000106.1531511751,False,0.006944444444444444,0.006944444444444444,0.013888888888888888,0.013888888888888888,0.8350340136054422,0.0,0.1412313908500927,0.99
network-device,5,6,pso,0.7500000000000001,0.00014922330694824965,0.11236436267203717,0.08892028138396228,46,54,1.4026405853556962,1000105.3154363751,False,0.006944444444444444,0.006944444444444444,0.013888888888888888,0.013888888888888888,0.8622448979591837,0.0,0.12450430573384681,0.99
network-device,5,7,pso,0.7500000000000001,0.0001490857886663049,0.019641626480907913,0.05,46,16,1.4290751748140496,1000106.1531511751,False,0.006944444444444444,0.006944444444444444,0.013888888888888888,0.013888888888888888,0.8350340136054422,0.0,0.1412313908500927,0.99
network-device,5,8,pso,0.7500000000000001,0.0002820777781919079,0.06853963745232572,0.09173216647057023,52,35,1.1455286631424513,1000105.3154363751,False,0.006944444444444444,0.006944444444444444,0.013888888888888888,0.013888888888888888,0.8622448979591837,0.0,0.12450430573384681,0.99
network-device,6,1,pso,0.7500000000000001,1.0727221098737792e-05,0.24891456200727993,0.21942035511852237,45,35,1.3537511998589906,1000105.3154363751,False,0.006944444444444444,0.006944444444444444,0.013888888888888888,0.013888888888888888,0.8622448979591837,0.0,0.12450430573384681,0.99
network-device,6,2,pso,0.7500000000000001,0.0009392635550309264,0.08524387721035219,0.05,39,20,1.3191099373924444,1000106.2012077003,False,0.006944444444444444,0.006944444444444444,0.013888888888888888,0.013888888888888888,0.8333333333333334,0.0,0.14219082067465413,0.99
network-device,6,3,pso,0.7500000000000001,0.0003734363551590172,0.05481978525879839,0.08822685156601871,51,40,1.4225754366592545,1000105.3154363751,False,0.006944444444444444,0.006944444444444444,0.013888888888888888,0.013888888888888888,0.8622448979591837,0.0,0.12450430573384681,0.99
network-device,6,4,pso,0.6736676864094188,0.002264167610646079,0.11375901450617608,0.05,35,44,1.3534178418051144,1000105.9086077334,False,0.006944444444444444,0.006944444444444444,0.013888888888888888,0.013888888888888888,0.8418367346938775,0.0,0.13634732473969477,0.99
network-device,6,5,pso,0.7500000000000001,0.0005289809549366046,0.05225632064306811,0.131647465547511,45,36,1.281523264788438,1000105.3154363751,False,0.006944444444444444,0.006944444444444444,0.013888888888888888,0.013888888888888888,0.8622448979591837,0.0,0.12450430573384681,0.99
network-device,6,6,pso,0.7500000000000001,0.00046721438526956715,0.021787472279965296,0.09097889024057518,46,43,1.2872335727836584,1000105.3154363751,False,0.006944444444444444,0.006944444444444444,0.013888888888888888,0.013888888888888888,0.8622448979591837,0.0,0.12450430573384681,0.99
network-device,6,7,pso,0.7500000000000001,0.00037807883031384134,0.055753998680605356,0.05,46,17,1.3106254518675085,1000106.2012077003,False,0.006944444444444444,0.006944444444444444,0.013888888888888888,0.013888888888888888,0.8333333333333334,0.0,0.14219082067465413,0.99
network-device,6,8,pso,0.7500000000000001,0.00011364311201379109,0.033542496948065104,0.09391963201975406,45,53,1.1482607420804625,1000105.3154363751,False,0.006944444444444444,0.006944444444444444,0.013888888888888888,0.013888888888888888,0.8622448979591837,0.0,0.12450430573384681,0.99
network-device,7,1,pso,0.7500000000000001,0.002143926783629265,0.015878870315936277,0.13689486582811047,47,33,1.328819975396664,1000105.3154363751,False,0.006944444444444444,0.006944444444444444,0.013888888888888888,0.013888888888888888,0.8622448979591837,0.0,0.12450430573384681,0.99
network-device,7,2,pso,0.6593610426872698,0.00023596173386355253,0.15329020803287716,0.07132301543488695,30,40,1.3546304713982913,1000105.3154363751,False,0.006944444444444444,0.006944444444444444,0.013888888888888888,0.013888888888888888,0.8622448979591837,0.0,0.12450430573384681,0.99
network-device,7,3,pso,0.7500000000000001,0.0005883440846157157,0.027053360105187076,0.09890339495639133,46,40,1.2789523124145474,1000105.3154363751,False,0.006944444444444444,0.006944444444444444,0.013888888888888888,0.013888888888888888,0.8622448979591837,0.0,0.12450430573384681,0.99
network-device,7,4,pso,0.7500000000000001,0.0005011744791790269,0.08818002879391271,0.09407238600149799,53,42,1.2935108923685972,1000105.3154363751,False,0.006944444444444444,0.006944444444444444,0.013888888888888888,0.013888888888888888,0.8622448979591837,0.0,0.12450430573384681,0.99
network-device,7,5,pso,0.7500000000000001,0.0006683847248143883,0.05798261297494639,0.16416402025314283,48,48,1.2492215038752392,1000105.3154363751,False,0.006944444444444444,0.006944444444444444,0.013888888888888888,0.013888888888888888,0.8622448979591837,0.0,0.12450430573384681,0.99
network-device,7,6,pso,0.7074811382773577,0.004999999999999999,0.02332752971658246,0.08975437425630106,54,27,1.230123546829014,1000105.3154363751,False,0.006944444444444444,0.006944444444444444,0.013888888888888888,0.013888888888888888,0.8622448979591837,0.0,0.12450430573384681,0.99
network-device,7,7,pso,0.7500000000000001,9.693339051748439e-05,0.046187836780259714,0.1020919154576442,40,40,1.49801114357736,1000105.3154363751,False,0.006944444444444444,0.006944444444444444,0.013888888888888888,0.013888888888888888,0.8622448979591837,0.0,0.12450430573384681,0.99
network-device,7,8,pso,0.7500000000000001,0.00017402310071115777,0.01,0.09216613269294172,45,39,1.198831358564908,1000105.3154363751,False,0.006944444444444444,0.006944444444444444,0.013888888888888888,0.013888888888888888,0.8622448979591837,0.0,0.12450430573384681,0.99
network-device,8,1,pso,0.7500000000000001,0.004999999999999999,0.0651787696829637,0.07049932459026828,56,32,1.3137758077353678,1000105.9086077334,False,0.006944444444444444,0.006944444444444444,0.013888888888888888,0.013888888888888888,0.8418367346938775,0.0,0.13634732473969477,0.99
network-device,8,2,pso,0.7165336457458601,0.00012891864400077393,0.136013347104746,0.09820224251688803,43,49,1.3762319904553115,1000105.3154363751,False,0.006944444444444444,0.006944444444444444,0.013888888888888888,0.013888888888888888,0.8622448979591837,0.0,0.12450430573384681,0.99
network-device,8,3,pso,0.7500000000000001,0.0002257438127716648,0.013044410299875407,0.1156394063392847,50,35,1.3869731612513512,1000105.3154363751,False,0.006944444444444444,0.006944444444444444,0.013888888888888888,0.013888888888888888,0.8622448979591837,0.0,0.12450430573384681,0.99
network-device,8,4,pso,0.6709370810500644,0.00018254256015579894,0.041663128733140466,0.0999040741119977,51,42,1.3819816725593885,1000105.3154363751,False,0.006944444444444444,0.006944444444444444,0.013888888888888888,0.013888888888888888,0.8622448979591837,0.0,0.12450430573384681,0.99
network-device,8,5,pso,0.7500000000000001,0.00044732181893970737,0.043531819010113236,0.05,51,36,1.3145158448513112,1000106.2012077003,False,0.006944444444444444,0.006944444444444444,0.013888888888888888,0.013888888888888888,0.8333333333333334,0.0,0.14219082067465413,0.99
network-device,8,6,pso,0.6284623520858227,0.0010145192345222267,0.03744743624357153,0.08509363387068342,57,60,1.3857264541507528,1000105.3154363751,False,0.006944444444444444,0.006944444444444444,0.013888888888888888,0.013888888888888888,0.8622448979591837,0.0,0.12450430573384681,0.99
network-device,8,7,pso,0.7500000000000001,6.452889818286824e-05,0.038251753114834315,0.13526393706482498,47,51,1.5309232143459777,1000105.3154363751,False,0.006944444444444444,0.006944444444444444,0.013888888888888888,0.013888888888888888,0.8622448979591837,0.0,0.12450430573384681,0.99
network-device,8,8,pso,0.7254993744831816,0.00038580905014006303,0.01,0.09099288984344467,51,33,1.2565465073951987,1000105.3154363751,False,0.006944444444444444,0.006944444444444444,0.013888888888888888,0.013888888888888888,0.8622448979591837,0.0,0.12450430573384681,0.99
network-device,9,1,pso,0.7500000000000001,1.431692060454793e-05,0.13652049823723933,0.11282622989685505,57,32,1.3165998280326605,1000105.3154363751,False,0.006944444444444444,0.006944444444444444,0.013888888888888888,0.013888888888888888,0.8622448979591837,0.0,0.12450430573384681,0.99
network-device,9,2,pso,0.7500000000000001,0.00031838905802276723,0.03489435173849938,0.07855075224369028,42,37,1.341024977347761,1000105.9086077334,False,0.006944444444444444,0.006944444444444444,0.013888888888888888,0.013888888888888888,0.8418367346938775,0.0,0.13634732473969477,0.99
network-device,9,3,pso,0.7500000000000001,0.00017969751022219995,0.048950839869770585,0.12068607845717073,53,30,1.445183376773227,1000105.3154363751,False,0.006944444444444444,0.006944444444444444,0.013888888888888888,0.013888888888888888,0.8622448979591837,0.0,0.12450430573384681,0.99
network-device,9,4,pso,0.6183768185041351,0.00039265719747494225,0.028913104385541673,0.08844292437322995,26,38,1.4027288303568768,1000105.3154363751,False,0.006944444444444444,0.006944444444444444,0.013888888888888888,0.013888888888888888,0.8622448979591837,0.0,0.12450430573384681,0.99
network-device,9,5,pso,0.7500000000000001,0.00036138709333471747,0.03511655453163286,0.05,50,26,1.382952850133,1000106.1531511751,False,0.006944444444444444,0.006944444444444444,0.013888888888888888,0.013888888888888888,0.8350340136054422,0.0,0.1412313908500927,0.99
network-device,9,6,pso,0.7282800753167978,0.0002783099441660369,0.061644166034869136,0.08494048241671628,55,75,1.4480646221055593,1000105.3154363751,False,0.006944444444444444,0.006944444444444444,0.013888888888888888,0.013888888888888888,0.8622448979591837,0.0,0.12450430573384681,0.99
network-device,9,7,pso,0.7500000000000001,0.0006165098598640363,0.04882179660322377,0.12273419585666046,52,34,1.349162947025489,1000105.3154363751,False,0.006944444444444444,0.006944444444444444,0.013888888888888888,0.013888888888888888,0.8622448979591837,0.0,0.12450430573384681,0.99
network-device,9,8,pso,0.6429462098607283,0.0004945810948400842,0.02672357845086371,0.09137077791490779,51,50,1.2943291148083806,1000105.3154363751,False,0.006944444444444444,0.006944444444444444,0.013888888888888888,0.013888888888888888,0.8622448979591837,0.0,0.12450430573384681,0.99
network-device,10,1,pso,0.7500000000000001,1.6927241281067363e-05,0.08550913301695465,0.15753065171803207,57,33,1.3818000375746746,1000105.3154363751,False,0.006944444444444444,0.006944444444444444,0.013888888888888888,0.013888888888888888,0.8622448979591837,0.0,0.12450430573384681,0.99
network-device,10,2,pso,0.6754848534307639,0.0008820779215988063,0.06631865123503414,0.06322970651894623,38,29,1.3014240585011516,1000105.3154363751,False,0.006944444444444444,0.006944444444444444,0.013888888888888888,0.013888888888888888,0.8622448979591837,0.0,0.12450430573384681,0.99
network-device,10,3,pso,0.7500000000000001,0.00026816496588747915,0.08154614323701713,0.09911259744711193,52,34,1.4267110925430209,1000105.3154363751,False,0.006944444444444444,0.006944444444444444,0.013888888888888888,0.013888888888888888,0.8622448979591837,0.0,0.12450430573384681,0.99
network-device,10,4,pso,0.6261002028117075,0.00085221550336616,0.07367583272101846,0.05789347858644399,19,36,1.3731109047337564,1000105.3154363751,False,0.006944444444444444,0.006944444444444444,0.013888888888888888,0.013888888888888888,0.8622448979591837,0.0,0.12450430573384681,0.99
network-device,10,5,pso,0.7500000000000001,0.0004234363994490064,0.035210782553293136,0.05,48,31,1.2838888671149618,1000106.1531511751,False,0.006944444444444444,0.006944444444444444,0.013888888888888888,0.013888888888888888,0.8350340136054422,0.0,0.1412313908500927,0.99
network-device,10,6,pso,0.7500000000000001,0.001069360354693301,0.03577127131443071,0.09513021185256287,54,65,1.196451169994255,1000105.3154363751,False,0.006944444444444444,0.006944444444444444,0.013888888888888888,0.013888888888888888,0.8622448979591837,0.0,0.12450430573384681,0.99
network-device,10,7,pso,0.7500000000000001,0.000620225463121268,0.051207540039989036,0.09100190882396661,40,25,1.3732860468163803,1000105.3154363751,False,0.006944444444444444,0.006944444444444444,0.013888888888888888,0.013888888888888888,0.8622448979591837,0.0,0.12450430573384681,0.99
network-device,10,8,pso,0.6430406813780947,0.0005583119069042487,0.039448161156955285,0.0934231000011588,48,55,1.228674861603792,1000105.3154363751,False,0.006944444444444444,0.006944444444444444,0.013888888888888888,0.013888888888888888,0.8622448979591837,0.0,0.12450430573384681,0.99
